id,label
000001,cat
000002,automobile
000003,dog
000004,frog
000005,dog
000006,bird
000007,frog
000008,bird
000009,dog
000010,truck
000011,dog
000012,frog
000013,horse
000014,bird
000015,frog
000016,truck
000017,frog
000018,horse
000019,airplane
000020,bird
000021,dog
000022,truck
000023,deer
000024,deer
000025,automobile
000026,frog
000027,horse
000028,automobile
000029,ship
000030,frog
000031,horse
000032,ship
000033,airplane
000034,automobile
000035,truck
000036,automobile
000037,truck
000038,airplane
000039,bird
000040,ship
000041,dog
000042,ship
000043,truck
000044,horse
000045,horse
000046,truck
000047,deer
000048,horse
000049,truck
000050,cat
000051,ship
000052,frog
000053,frog
000054,deer
000055,frog
000056,automobile
000057,horse
000058,ship
000059,horse
000060,dog
000061,dog
000062,frog
000063,airplane
000064,cat
000065,horse
000066,truck
000067,horse
000068,ship
000069,truck
000070,truck
000071,ship
000072,truck
000073,airplane
000074,deer
000075,horse
000076,bird
000077,deer
000078,automobile
000079,truck
000080,horse
000081,deer
000082,truck
000083,airplane
000084,deer
000085,bird
000086,ship
000087,horse
000088,frog
000089,dog
000090,truck
000091,truck
000092,frog
000093,horse
000094,dog
000095,automobile
000096,truck
000097,deer
000098,deer
000099,horse
000100,cat
000101,deer
000102,frog
000103,bird
000104,dog
000105,airplane
000106,ship
000107,truck
000108,airplane
000109,deer
000110,deer
000111,dog
000112,frog
000113,ship
000114,dog
000115,bird
000116,frog
000117,truck
000118,horse
000119,horse
000120,truck
000121,frog
000122,dog
000123,deer
000124,ship
000125,frog
000126,cat
000127,dog
000128,frog
000129,frog
000130,dog
000131,cat
000132,automobile
000133,horse
000134,ship
000135,deer
000136,bird
000137,bird
000138,bird
000139,dog
000140,automobile
000141,ship
000142,cat
000143,cat
000144,ship
000145,bird
000146,horse
000147,airplane
000148,ship
000149,deer
000150,bird
000151,deer
000152,automobile
000153,dog
000154,frog
000155,deer
000156,dog
000157,cat
000158,ship
000159,automobile
000160,cat
000161,ship
000162,deer
000163,dog
000164,cat
000165,truck
000166,cat
000167,ship
000168,bird
000169,frog
000170,dog
000171,automobile
000172,ship
000173,frog
000174,ship
000175,bird
000176,bird
000177,horse
000178,frog
000179,truck
000180,truck
000181,cat
000182,truck
000183,horse
000184,automobile
000185,frog
000186,dog
000187,ship
000188,airplane
000189,truck
000190,deer
000191,dog
000192,cat
000193,airplane
000194,horse
000195,frog
000196,frog
000197,dog
000198,horse
000199,ship
000200,frog
000201,airplane
000202,dog
000203,bird
000204,cat
000205,horse
000206,truck
000207,truck
000208,ship
000209,bird
000210,horse
000211,horse
000212,horse
000213,frog
000214,dog
000215,cat
000216,cat
000217,frog
000218,deer
000219,deer
000220,bird
000221,deer
000222,dog
000223,deer
000224,dog
000225,frog
000226,automobile
000227,dog
000228,frog
000229,horse
000230,deer
000231,airplane
000232,dog
000233,ship
000234,automobile
000235,bird
000236,ship
000237,bird
000238,truck
000239,frog
000240,airplane
000241,dog
000242,deer
000243,airplane
000244,deer
000245,horse
000246,cat
000247,frog
000248,dog
000249,dog
000250,frog
000251,ship
000252,deer
000253,ship
000254,ship
000255,ship
000256,frog
000257,frog
000258,frog
000259,horse
000260,dog
000261,dog
000262,truck
000263,automobile
000264,truck
000265,bird
000266,dog
000267,frog
000268,truck
000269,automobile
000270,deer
000271,airplane
000272,deer
000273,airplane
000274,truck
000275,automobile
000276,frog
000277,ship
000278,airplane
000279,truck
000280,truck
000281,ship
000282,dog
000283,dog
000284,automobile
000285,dog
000286,bird
000287,truck
000288,horse
000289,cat
000290,dog
000291,ship
000292,ship
000293,airplane
000294,bird
000295,truck
000296,deer
000297,frog
000298,horse
000299,deer
000300,frog
000301,truck
000302,horse
000303,horse
000304,deer
000305,ship
000306,ship
000307,truck
000308,cat
000309,ship
000310,ship
000311,deer
000312,frog
000313,airplane
000314,frog
000315,frog
000316,cat
000317,automobile
000318,frog
000319,truck
000320,airplane
000321,horse
000322,ship
000323,ship
000324,ship
000325,horse
000326,cat
000327,horse
000328,ship
000329,cat
000330,ship
000331,deer
000332,ship
000333,deer
000334,frog
000335,frog
000336,airplane
000337,truck
000338,dog
000339,dog
000340,truck
000341,airplane
000342,frog
000343,deer
000344,cat
000345,ship
000346,deer
000347,frog
000348,ship
000349,frog
000350,ship
000351,airplane
000352,bird
000353,deer
000354,horse
000355,deer
000356,airplane
000357,dog
000358,deer
000359,deer
000360,horse
000361,frog
000362,automobile
000363,truck
000364,truck
000365,ship
000366,horse
000367,cat
000368,truck
000369,truck
000370,cat
000371,deer
000372,deer
000373,dog
000374,bird
000375,dog
000376,ship
000377,horse
000378,frog
000379,truck
000380,dog
000381,truck
000382,deer
000383,frog
000384,automobile
000385,dog
000386,frog
000387,bird
000388,truck
000389,automobile
000390,deer
000391,frog
000392,truck
000393,horse
000394,truck
000395,automobile
000396,automobile
000397,horse
000398,cat
000399,horse
000400,cat
000401,bird
000402,cat
000403,horse
000404,ship
000405,dog
000406,ship
000407,horse
000408,automobile
000409,truck
000410,frog
000411,truck
000412,airplane
000413,bird
000414,bird
000415,deer
000416,frog
000417,frog
000418,ship
000419,ship
000420,frog
000421,ship
000422,truck
000423,frog
000424,horse
000425,ship
000426,truck
000427,truck
000428,ship
000429,truck
000430,bird
000431,truck
000432,frog
000433,horse
000434,ship
000435,deer
000436,horse
000437,horse
000438,horse
000439,dog
000440,dog
000441,ship
000442,truck
000443,frog
000444,cat
000445,deer
000446,cat
000447,frog
000448,horse
000449,horse
000450,deer
000451,dog
000452,dog
000453,truck
000454,ship
000455,ship
000456,deer
000457,frog
000458,deer
000459,frog
000460,frog
000461,deer
000462,airplane
000463,frog
000464,dog
000465,dog
000466,dog
000467,truck
000468,horse
000469,truck
000470,deer
000471,bird
000472,automobile
000473,automobile
000474,truck
000475,horse
000476,deer
000477,deer
000478,truck
000479,frog
000480,ship
000481,bird
000482,deer
000483,bird
000484,deer
000485,airplane
000486,deer
000487,airplane
000488,airplane
000489,dog
000490,truck
000491,dog
000492,airplane
000493,horse
000494,ship
000495,truck
000496,frog
000497,cat
000498,automobile
000499,frog
000500,airplane
000501,horse
000502,airplane
000503,dog
000504,dog
000505,ship
000506,bird
000507,truck
000508,horse
000509,cat
000510,automobile
000511,deer
000512,deer
000513,ship
000514,ship
000515,frog
000516,cat
000517,truck
000518,ship
000519,frog
000520,ship
000521,ship
000522,ship
000523,ship
000524,ship
000525,ship
000526,cat
000527,horse
000528,frog
000529,ship
000530,deer
000531,ship
000532,frog
000533,truck
000534,deer
000535,ship
000536,automobile
000537,ship
000538,frog
000539,bird
000540,truck
000541,cat
000542,deer
000543,automobile
000544,horse
000545,horse
000546,horse
000547,cat
000548,ship
000549,truck
000550,airplane
000551,truck
000552,dog
000553,automobile
000554,frog
000555,automobile
000556,horse
000557,airplane
000558,automobile
000559,ship
000560,airplane
000561,truck
000562,truck
000563,truck
000564,dog
000565,deer
000566,cat
000567,deer
000568,cat
000569,dog
000570,frog
000571,frog
000572,bird
000573,airplane
000574,horse
000575,horse
000576,horse
000577,frog
000578,automobile
000579,deer
000580,bird
000581,deer
000582,deer
000583,ship
000584,deer
000585,ship
000586,truck
000587,automobile
000588,horse
000589,automobile
000590,deer
000591,truck
000592,frog
000593,ship
000594,frog
000595,bird
000596,frog
000597,truck
000598,frog
000599,cat
000600,horse
000601,deer
000602,horse
000603,frog
000604,horse
000605,dog
000606,bird
000607,dog
000608,deer
000609,truck
000610,horse
000611,horse
000612,ship
000613,horse
000614,ship
000615,frog
000616,bird
000617,frog
000618,horse
000619,airplane
000620,ship
000621,truck
000622,dog
000623,deer
000624,frog
000625,ship
000626,cat
000627,truck
000628,airplane
000629,frog
000630,ship
000631,deer
000632,horse
000633,truck
000634,bird
000635,dog
000636,deer
000637,horse
000638,automobile
000639,ship
000640,frog
000641,frog
000642,truck
000643,dog
000644,automobile
000645,deer
000646,dog
000647,airplane
000648,frog
000649,ship
000650,dog
000651,deer
000652,ship
000653,bird
000654,ship
000655,airplane
000656,airplane
000657,dog
000658,bird
000659,dog
000660,frog
000661,frog
000662,ship
000663,frog
000664,truck
000665,truck
000666,frog
000667,horse
000668,ship
000669,truck
000670,frog
000671,frog
000672,ship
000673,ship
000674,automobile
000675,cat
000676,ship
000677,cat
000678,ship
000679,cat
000680,truck
000681,horse
000682,truck
000683,deer
000684,automobile
000685,ship
000686,frog
000687,horse
000688,truck
000689,deer
000690,automobile
000691,deer
000692,cat
000693,bird
000694,frog
000695,dog
000696,ship
000697,frog
000698,horse
000699,cat
000700,deer
000701,frog
000702,dog
000703,horse
000704,frog
000705,frog
000706,horse
000707,deer
000708,dog
000709,dog
000710,ship
000711,automobile
000712,horse
000713,frog
000714,cat
000715,truck
000716,dog
000717,deer
000718,truck
000719,truck
000720,horse
000721,truck
000722,frog
000723,deer
000724,dog
000725,horse
000726,deer
000727,truck
000728,frog
000729,truck
000730,ship
000731,frog
000732,truck
000733,deer
000734,frog
000735,ship
000736,bird
000737,dog
000738,frog
000739,bird
000740,airplane
000741,frog
000742,horse
000743,airplane
000744,automobile
000745,bird
000746,bird
000747,ship
000748,ship
000749,dog
000750,truck
000751,frog
000752,automobile
000753,ship
000754,deer
000755,deer
000756,frog
000757,frog
000758,frog
000759,dog
000760,automobile
000761,truck
000762,deer
000763,airplane
000764,dog
000765,dog
000766,ship
000767,dog
000768,ship
000769,deer
000770,frog
000771,frog
000772,truck
000773,horse
000774,deer
000775,ship
000776,deer
000777,dog
000778,frog
000779,dog
000780,bird
000781,truck
000782,dog
000783,horse
000784,airplane
000785,dog
000786,frog
000787,airplane
000788,frog
000789,truck
000790,truck
000791,truck
000792,horse
000793,frog
000794,ship
000795,deer
000796,truck
000797,automobile
000798,ship
000799,ship
000800,truck
000801,ship
000802,automobile
000803,dog
000804,dog
000805,horse
000806,frog
000807,cat
000808,automobile
000809,frog
000810,automobile
000811,dog
000812,dog
000813,truck
000814,dog
000815,ship
000816,truck
000817,cat
000818,horse
000819,ship
000820,bird
000821,cat
000822,cat
000823,ship
000824,dog
000825,airplane
000826,bird
000827,cat
000828,cat
000829,bird
000830,ship
000831,frog
000832,cat
000833,truck
000834,dog
000835,frog
000836,deer
000837,deer
000838,automobile
000839,deer
000840,frog
000841,dog
000842,ship
000843,bird
000844,truck
000845,bird
000846,deer
000847,horse
000848,truck
000849,dog
000850,ship
000851,bird
000852,airplane
000853,bird
000854,horse
000855,cat
000856,truck
000857,bird
000858,cat
000859,automobile
000860,deer
000861,deer
000862,truck
000863,truck
000864,truck
000865,dog
000866,frog
000867,cat
000868,automobile
000869,airplane
000870,deer
000871,frog
000872,dog
000873,horse
000874,deer
000875,dog
000876,ship
000877,ship
000878,bird
000879,truck
000880,dog
000881,horse
000882,ship
000883,frog
000884,frog
000885,horse
000886,truck
000887,truck
000888,truck
000889,truck
000890,dog
000891,airplane
000892,deer
000893,dog
000894,dog
000895,dog
000896,truck
000897,dog
000898,ship
000899,horse
000900,ship
000901,automobile
000902,automobile
000903,truck
000904,bird
000905,airplane
000906,truck
000907,airplane
000908,horse
000909,ship
000910,frog
000911,frog
000912,automobile
000913,dog
000914,horse
000915,deer
000916,dog
000917,horse
000918,horse
000919,truck
000920,horse
000921,deer
000922,truck
000923,truck
000924,airplane
000925,dog
000926,automobile
000927,dog
000928,automobile
000929,dog
000930,truck
000931,cat
000932,truck
000933,cat
000934,ship
000935,dog
000936,bird
000937,deer
000938,ship
000939,deer
000940,frog
000941,truck
000942,ship
000943,cat
000944,horse
000945,ship
000946,automobile
000947,airplane
000948,airplane
000949,frog
000950,automobile
000951,frog
000952,frog
000953,airplane
000954,frog
000955,dog
000956,ship
000957,airplane
000958,frog
000959,ship
000960,ship
000961,dog
000962,cat
000963,cat
000964,automobile
000965,cat
000966,automobile
000967,automobile
000968,frog
000969,bird
000970,automobile
000971,frog
000972,deer
000973,automobile
000974,airplane
000975,horse
000976,automobile
000977,automobile
000978,automobile
000979,cat
000980,frog
000981,deer
000982,ship
000983,horse
000984,horse
000985,automobile
000986,horse
000987,deer
000988,ship
000989,truck
000990,frog
000991,airplane
000992,airplane
000993,ship
000994,frog
000995,dog
000996,deer
000997,ship
000998,frog
000999,ship
001000,truck
001001,horse
001002,airplane
001003,horse
001004,cat
001005,deer
001006,frog
001007,cat
001008,deer
001009,frog
001010,ship
001011,airplane
001012,deer
001013,frog
001014,deer
001015,truck
001016,ship
001017,frog
001018,horse
001019,deer
001020,horse
001021,cat
001022,cat
001023,automobile
001024,frog
001025,deer
001026,bird
001027,cat
001028,frog
001029,horse
001030,horse
001031,ship
001032,airplane
001033,truck
001034,dog
001035,bird
001036,ship
001037,ship
001038,deer
001039,deer
001040,airplane
001041,truck
001042,ship
001043,deer
001044,automobile
001045,ship
001046,dog
001047,frog
001048,truck
001049,horse
001050,bird
001051,airplane
001052,dog
001053,ship
001054,truck
001055,ship
001056,frog
001057,cat
001058,ship
001059,horse
001060,frog
001061,deer
001062,ship
001063,cat
001064,horse
001065,dog
001066,truck
001067,deer
001068,airplane
001069,deer
001070,bird
001071,frog
001072,bird
001073,automobile
001074,ship
001075,truck
001076,automobile
001077,dog
001078,frog
001079,ship
001080,automobile
001081,frog
001082,deer
001083,deer
001084,deer
001085,truck
001086,horse
001087,ship
001088,frog
001089,cat
001090,frog
001091,cat
001092,cat
001093,horse
001094,horse
001095,deer
001096,ship
001097,airplane
001098,horse
001099,truck
001100,ship
001101,truck
001102,cat
001103,truck
001104,horse
001105,dog
001106,ship
001107,ship
001108,ship
001109,ship
001110,truck
001111,deer
001112,cat
001113,ship
001114,bird
001115,deer
001116,horse
001117,dog
001118,ship
001119,truck
001120,airplane
001121,horse
001122,dog
001123,ship
001124,frog
001125,bird
001126,deer
001127,automobile
001128,bird
001129,truck
001130,bird
001131,truck
001132,truck
001133,frog
001134,automobile
001135,airplane
001136,dog
001137,bird
001138,dog
001139,dog
001140,frog
001141,truck
001142,horse
001143,ship
001144,frog
001145,dog
001146,bird
001147,horse
001148,horse
001149,ship
001150,dog
001151,horse
001152,deer
001153,automobile
001154,horse
001155,truck
001156,dog
001157,deer
001158,horse
001159,horse
001160,deer
001161,cat
001162,ship
001163,cat
001164,frog
001165,frog
001166,frog
001167,bird
001168,ship
001169,automobile
001170,deer
001171,deer
001172,truck
001173,automobile
001174,truck
001175,automobile
001176,dog
001177,deer
001178,frog
001179,cat
001180,deer
001181,frog
001182,dog
001183,horse
001184,ship
001185,bird
001186,cat
001187,airplane
001188,frog
001189,truck
001190,frog
001191,dog
001192,automobile
001193,frog
001194,bird
001195,dog
001196,truck
001197,bird
001198,dog
001199,automobile
001200,horse
001201,ship
001202,ship
001203,automobile
001204,deer
001205,horse
001206,dog
001207,bird
001208,frog
001209,deer
001210,ship
001211,horse
001212,airplane
001213,frog
001214,frog
001215,frog
001216,truck
001217,deer
001218,deer
001219,bird
001220,automobile
001221,bird
001222,dog
001223,ship
001224,deer
001225,horse
001226,truck
001227,ship
001228,dog
001229,cat
001230,dog
001231,dog
001232,horse
001233,deer
001234,bird
001235,truck
001236,frog
001237,ship
001238,truck
001239,ship
001240,truck
001241,automobile
001242,dog
001243,bird
001244,frog
001245,ship
001246,ship
001247,deer
001248,airplane
001249,ship
001250,airplane
001251,cat
001252,deer
001253,ship
001254,deer
001255,dog
001256,airplane
001257,dog
001258,frog
001259,truck
001260,truck
001261,ship
001262,truck
001263,frog
001264,frog
001265,ship
001266,frog
001267,deer
001268,horse
001269,horse
001270,automobile
001271,ship
001272,automobile
001273,truck
001274,bird
001275,bird
001276,bird
001277,cat
001278,truck
001279,frog
001280,horse
001281,horse
001282,frog
001283,frog
001284,cat
001285,horse
001286,automobile
001287,horse
001288,deer
001289,truck
001290,truck
001291,dog
001292,deer
001293,ship
001294,ship
001295,ship
001296,frog
001297,truck
001298,horse
001299,deer
001300,truck
001301,dog
001302,dog
001303,truck
001304,horse
001305,deer
001306,frog
001307,horse
001308,bird
001309,ship
001310,frog
001311,truck
001312,horse
001313,frog
001314,automobile
001315,deer
001316,ship
001317,truck
001318,horse
001319,deer
001320,airplane
001321,deer
001322,dog
001323,frog
001324,dog
001325,frog
001326,ship
001327,cat
001328,airplane
001329,dog
001330,truck
001331,horse
001332,dog
001333,ship
001334,frog
001335,cat
001336,dog
001337,bird
001338,truck
001339,deer
001340,truck
001341,truck
001342,deer
001343,truck
001344,deer
001345,horse
001346,cat
001347,horse
001348,truck
001349,deer
001350,truck
001351,airplane
001352,ship
001353,frog
001354,truck
001355,horse
001356,automobile
001357,truck
001358,automobile
001359,automobile
001360,automobile
001361,dog
001362,cat
001363,cat
001364,truck
001365,bird
001366,frog
001367,horse
001368,horse
001369,truck
001370,bird
001371,frog
001372,dog
001373,frog
001374,frog
001375,horse
001376,dog
001377,ship
001378,ship
001379,cat
001380,deer
001381,ship
001382,deer
001383,cat
001384,ship
001385,airplane
001386,ship
001387,horse
001388,deer
001389,ship
001390,truck
001391,deer
001392,deer
001393,ship
001394,automobile
001395,horse
001396,frog
001397,bird
001398,ship
001399,frog
001400,cat
001401,automobile
001402,ship
001403,automobile
001404,cat
001405,ship
001406,ship
001407,frog
001408,horse
001409,ship
001410,truck
001411,horse
001412,truck
001413,truck
001414,frog
001415,dog
001416,deer
001417,deer
001418,bird
001419,horse
001420,dog
001421,truck
001422,deer
001423,truck
001424,cat
001425,frog
001426,frog
001427,deer
001428,ship
001429,truck
001430,ship
001431,bird
001432,dog
001433,deer
001434,cat
001435,truck
001436,frog
001437,bird
001438,horse
001439,horse
001440,truck
001441,bird
001442,truck
001443,ship
001444,automobile
001445,truck
001446,truck
001447,ship
001448,automobile
001449,ship
001450,frog
001451,airplane
001452,deer
001453,horse
001454,horse
001455,deer
001456,dog
001457,cat
001458,truck
001459,airplane
001460,horse
001461,frog
001462,truck
001463,ship
001464,airplane
001465,ship
001466,cat
001467,ship
001468,deer
001469,horse
001470,automobile
001471,automobile
001472,truck
001473,automobile
001474,ship
001475,truck
001476,deer
001477,deer
001478,horse
001479,frog
001480,ship
001481,dog
001482,truck
001483,dog
001484,cat
001485,horse
001486,cat
001487,frog
001488,frog
001489,horse
001490,airplane
001491,ship
001492,truck
001493,frog
001494,truck
001495,frog
001496,automobile
001497,bird
001498,frog
001499,cat
001500,frog
001501,automobile
001502,bird
001503,ship
001504,truck
001505,truck
001506,deer
001507,frog
001508,deer
001509,truck
001510,automobile
001511,ship
001512,ship
001513,horse
001514,bird
001515,ship
001516,truck
001517,horse
001518,cat
001519,frog
001520,frog
001521,airplane
001522,deer
001523,dog
001524,truck
001525,deer
001526,truck
001527,cat
001528,deer
001529,horse
001530,cat
001531,truck
001532,bird
001533,dog
001534,truck
001535,frog
001536,cat
001537,deer
001538,horse
001539,truck
001540,horse
001541,bird
001542,automobile
001543,horse
001544,bird
001545,frog
001546,frog
001547,frog
001548,bird
001549,automobile
001550,dog
001551,cat
001552,deer
001553,deer
001554,cat
001555,horse
001556,truck
001557,horse
001558,truck
001559,horse
001560,automobile
001561,truck
001562,deer
001563,airplane
001564,deer
001565,truck
001566,dog
001567,horse
001568,airplane
001569,airplane
001570,automobile
001571,truck
001572,ship
001573,ship
001574,deer
001575,airplane
001576,deer
001577,truck
001578,dog
001579,truck
001580,truck
001581,truck
001582,dog
001583,horse
001584,dog
001585,automobile
001586,automobile
001587,deer
001588,automobile
001589,frog
001590,dog
001591,truck
001592,automobile
001593,cat
001594,airplane
001595,horse
001596,ship
001597,deer
001598,ship
001599,automobile
001600,cat
001601,bird
001602,automobile
001603,automobile
001604,cat
001605,truck
001606,horse
001607,deer
001608,truck
001609,automobile
001610,horse
001611,deer
001612,airplane
001613,airplane
001614,cat
001615,truck
001616,ship
001617,automobile
001618,horse
001619,deer
001620,deer
001621,dog
001622,cat
001623,deer
001624,bird
001625,deer
001626,cat
001627,horse
001628,deer
001629,ship
001630,frog
001631,frog
001632,ship
001633,horse
001634,truck
001635,horse
001636,frog
001637,ship
001638,cat
001639,frog
001640,cat
001641,ship
001642,frog
001643,horse
001644,horse
001645,frog
001646,deer
001647,airplane
001648,dog
001649,cat
001650,airplane
001651,dog
001652,truck
001653,deer
001654,ship
001655,bird
001656,ship
001657,bird
001658,deer
001659,cat
001660,bird
001661,automobile
001662,truck
001663,horse
001664,cat
001665,ship
001666,cat
001667,airplane
001668,bird
001669,deer
001670,cat
001671,dog
001672,ship
001673,ship
001674,automobile
001675,airplane
001676,deer
001677,deer
001678,cat
001679,horse
001680,bird
001681,ship
001682,frog
001683,frog
001684,cat
001685,horse
001686,automobile
001687,horse
001688,truck
001689,horse
001690,dog
001691,dog
001692,truck
001693,deer
001694,dog
001695,horse
001696,ship
001697,bird
001698,cat
001699,dog
001700,dog
001701,automobile
001702,ship
001703,horse
001704,deer
001705,airplane
001706,frog
001707,truck
001708,horse
001709,truck
001710,airplane
001711,airplane
001712,deer
001713,bird
001714,dog
001715,bird
001716,deer
001717,frog
001718,bird
001719,deer
001720,truck
001721,ship
001722,cat
001723,airplane
001724,horse
001725,dog
001726,airplane
001727,dog
001728,automobile
001729,bird
001730,truck
001731,automobile
001732,dog
001733,automobile
001734,ship
001735,horse
001736,automobile
001737,frog
001738,horse
001739,airplane
001740,bird
001741,ship
001742,ship
001743,airplane
001744,airplane
001745,ship
001746,deer
001747,truck
001748,airplane
001749,bird
001750,bird
001751,deer
001752,ship
001753,bird
001754,airplane
001755,ship
001756,deer
001757,ship
001758,deer
001759,dog
001760,dog
001761,ship
001762,cat
001763,frog
001764,dog
001765,cat
001766,cat
001767,dog
001768,ship
001769,horse
001770,ship
001771,frog
001772,horse
001773,dog
001774,horse
001775,dog
001776,horse
001777,truck
001778,truck
001779,frog
001780,bird
001781,horse
001782,truck
001783,ship
001784,horse
001785,horse
001786,dog
001787,frog
001788,truck
001789,horse
001790,truck
001791,automobile
001792,automobile
001793,airplane
001794,deer
001795,deer
001796,ship
001797,horse
001798,cat
001799,cat
001800,truck
001801,dog
001802,ship
001803,dog
001804,dog
001805,horse
001806,bird
001807,dog
001808,airplane
001809,frog
001810,deer
001811,cat
001812,truck
001813,dog
001814,horse
001815,deer
001816,dog
001817,truck
001818,bird
001819,dog
001820,ship
001821,horse
001822,dog
001823,dog
001824,automobile
001825,horse
001826,cat
001827,automobile
001828,dog
001829,airplane
001830,ship
001831,deer
001832,bird
001833,frog
001834,deer
001835,frog
001836,horse
001837,truck
001838,deer
001839,cat
001840,ship
001841,horse
001842,dog
001843,automobile
001844,frog
001845,cat
001846,bird
001847,automobile
001848,airplane
001849,horse
001850,truck
001851,ship
001852,cat
001853,truck
001854,horse
001855,horse
001856,ship
001857,automobile
001858,ship
001859,deer
001860,ship
001861,ship
001862,bird
001863,truck
001864,deer
001865,cat
001866,dog
001867,truck
001868,frog
001869,ship
001870,ship
001871,deer
001872,airplane
001873,bird
001874,frog
001875,ship
001876,frog
001877,deer
001878,cat
001879,automobile
001880,truck
001881,truck
001882,bird
001883,truck
001884,deer
001885,ship
001886,frog
001887,deer
001888,truck
001889,ship
001890,horse
001891,ship
001892,horse
001893,truck
001894,deer
001895,airplane
001896,deer
001897,truck
001898,cat
001899,horse
001900,ship
001901,ship
001902,dog
001903,truck
001904,ship
001905,automobile
001906,dog
001907,truck
001908,truck
001909,truck
001910,ship
001911,frog
001912,dog
001913,truck
001914,truck
001915,horse
001916,bird
001917,airplane
001918,airplane
001919,automobile
001920,frog
001921,automobile
001922,truck
001923,deer
001924,horse
001925,airplane
001926,cat
001927,cat
001928,deer
001929,airplane
001930,ship
001931,bird
001932,truck
001933,ship
001934,deer
001935,deer
001936,frog
001937,bird
001938,frog
001939,ship
001940,truck
001941,dog
001942,automobile
001943,ship
001944,deer
001945,automobile
001946,frog
001947,truck
001948,horse
001949,ship
001950,deer
001951,horse
001952,truck
001953,airplane
001954,dog
001955,airplane
001956,frog
001957,automobile
001958,dog
001959,truck
001960,ship
001961,frog
001962,dog
001963,cat
001964,deer
001965,dog
001966,dog
001967,airplane
001968,horse
001969,horse
001970,bird
001971,horse
001972,frog
001973,airplane
001974,frog
001975,automobile
001976,dog
001977,truck
001978,dog
001979,truck
001980,frog
001981,dog
001982,frog
001983,automobile
001984,truck
001985,deer
001986,cat
001987,bird
001988,ship
001989,horse
001990,frog
001991,deer
001992,frog
001993,ship
001994,truck
001995,ship
001996,ship
001997,truck
001998,cat
001999,horse
002000,airplane
002001,deer
002002,dog
002003,dog
002004,cat
002005,dog
002006,ship
002007,horse
002008,truck
002009,bird
002010,airplane
002011,frog
002012,ship
002013,dog
002014,ship
002015,truck
002016,airplane
002017,deer
002018,horse
002019,airplane
002020,truck
002021,truck
002022,frog
002023,deer
002024,bird
002025,truck
002026,dog
002027,deer
002028,deer
002029,ship
002030,dog
002031,dog
002032,ship
002033,ship
002034,dog
002035,airplane
002036,deer
002037,truck
002038,cat
002039,automobile
002040,ship
002041,truck
002042,dog
002043,dog
002044,frog
002045,truck
002046,automobile
002047,dog
002048,horse
002049,frog
002050,dog
002051,cat
002052,cat
002053,airplane
002054,airplane
002055,automobile
002056,ship
002057,ship
002058,frog
002059,truck
002060,ship
002061,ship
002062,deer
002063,cat
002064,ship
002065,deer
002066,airplane
002067,deer
002068,airplane
002069,truck
002070,horse
002071,automobile
002072,horse
002073,truck
002074,deer
002075,truck
002076,ship
002077,frog
002078,ship
002079,dog
002080,automobile
002081,automobile
002082,deer
002083,horse
002084,horse
002085,ship
002086,frog
002087,deer
002088,automobile
002089,truck
002090,truck
002091,horse
002092,automobile
002093,frog
002094,horse
002095,automobile
002096,automobile
002097,bird
002098,deer
002099,truck
002100,dog
002101,truck
002102,horse
002103,ship
002104,deer
002105,deer
002106,frog
002107,frog
002108,horse
002109,truck
002110,dog
002111,horse
002112,truck
002113,cat
002114,deer
002115,frog
002116,deer
002117,frog
002118,dog
002119,truck
002120,automobile
002121,dog
002122,frog
002123,frog
002124,deer
002125,horse
002126,bird
002127,deer
002128,cat
002129,automobile
002130,truck
002131,cat
002132,bird
002133,automobile
002134,automobile
002135,deer
002136,deer
002137,cat
002138,horse
002139,horse
002140,automobile
002141,ship
002142,deer
002143,deer
002144,deer
002145,airplane
002146,truck
002147,ship
002148,deer
002149,dog
002150,frog
002151,ship
002152,dog
002153,frog
002154,airplane
002155,frog
002156,deer
002157,airplane
002158,truck
002159,truck
002160,truck
002161,horse
002162,deer
002163,cat
002164,cat
002165,ship
002166,frog
002167,deer
002168,truck
002169,dog
002170,frog
002171,automobile
002172,truck
002173,bird
002174,airplane
002175,automobile
002176,frog
002177,automobile
002178,dog
002179,horse
002180,truck
002181,truck
002182,truck
002183,frog
002184,deer
002185,deer
002186,airplane
002187,horse
002188,truck
002189,bird
002190,automobile
002191,ship
002192,truck
002193,ship
002194,deer
002195,bird
002196,ship
002197,dog
002198,deer
002199,horse
002200,ship
002201,dog
002202,truck
002203,horse
002204,frog
002205,bird
002206,truck
002207,horse
002208,horse
002209,truck
002210,airplane
002211,horse
002212,ship
002213,automobile
002214,dog
002215,horse
002216,ship
002217,truck
002218,truck
002219,deer
002220,automobile
002221,frog
002222,ship
002223,truck
002224,automobile
002225,ship
002226,ship
002227,truck
002228,ship
002229,ship
002230,cat
002231,truck
002232,horse
002233,horse
002234,frog
002235,truck
002236,bird
002237,frog
002238,cat
002239,dog
002240,cat
002241,truck
002242,truck
002243,ship
002244,frog
002245,cat
002246,airplane
002247,frog
002248,frog
002249,horse
002250,horse
002251,deer
002252,ship
002253,dog
002254,horse
002255,deer
002256,ship
002257,horse
002258,frog
002259,horse
002260,deer
002261,ship
002262,horse
002263,frog
002264,truck
002265,automobile
002266,bird
002267,ship
002268,frog
002269,frog
002270,frog
002271,bird
002272,cat
002273,truck
002274,dog
002275,horse
002276,automobile
002277,frog
002278,truck
002279,airplane
002280,truck
002281,horse
002282,cat
002283,frog
002284,horse
002285,automobile
002286,truck
002287,horse
002288,deer
002289,ship
002290,deer
002291,frog
002292,dog
002293,frog
002294,airplane
002295,bird
002296,horse
002297,airplane
002298,ship
002299,cat
002300,cat
002301,bird
002302,horse
002303,truck
002304,airplane
002305,airplane
002306,frog
002307,ship
002308,dog
002309,automobile
002310,horse
002311,dog
002312,airplane
002313,deer
002314,truck
002315,cat
002316,bird
002317,ship
002318,horse
002319,truck
002320,airplane
002321,airplane
002322,ship
002323,frog
002324,airplane
002325,dog
002326,dog
002327,dog
002328,cat
002329,ship
002330,ship
002331,bird
002332,automobile
002333,automobile
002334,airplane
002335,deer
002336,ship
002337,ship
002338,frog
002339,ship
002340,deer
002341,dog
002342,bird
002343,bird
002344,ship
002345,truck
002346,truck
002347,frog
002348,automobile
002349,cat
002350,airplane
002351,dog
002352,dog
002353,dog
002354,automobile
002355,deer
002356,ship
002357,automobile
002358,frog
002359,ship
002360,automobile
002361,horse
002362,ship
002363,dog
002364,horse
002365,horse
002366,dog
002367,automobile
002368,ship
002369,automobile
002370,frog
002371,airplane
002372,truck
002373,frog
002374,dog
002375,frog
002376,bird
002377,frog
002378,airplane
002379,ship
002380,deer
002381,bird
002382,bird
002383,frog
002384,deer
002385,ship
002386,horse
002387,ship
002388,bird
002389,frog
002390,frog
002391,frog
002392,ship
002393,dog
002394,ship
002395,bird
002396,truck
002397,truck
002398,bird
002399,bird
002400,automobile
002401,frog
002402,deer
002403,frog
002404,cat
002405,ship
002406,bird
002407,airplane
002408,automobile
002409,deer
002410,truck
002411,bird
002412,horse
002413,cat
002414,dog
002415,horse
002416,airplane
002417,truck
002418,airplane
002419,horse
002420,truck
002421,frog
002422,dog
002423,ship
002424,bird
002425,ship
002426,deer
002427,dog
002428,bird
002429,cat
002430,frog
002431,automobile
002432,bird
002433,ship
002434,frog
002435,deer
002436,dog
002437,truck
002438,bird
002439,dog
002440,frog
002441,airplane
002442,frog
002443,frog
002444,dog
002445,bird
002446,ship
002447,frog
002448,ship
002449,deer
002450,dog
002451,deer
002452,cat
002453,truck
002454,truck
002455,deer
002456,frog
002457,deer
002458,dog
002459,ship
002460,airplane
002461,ship
002462,airplane
002463,automobile
002464,horse
002465,automobile
002466,ship
002467,horse
002468,ship
002469,airplane
002470,airplane
002471,deer
002472,frog
002473,truck
002474,horse
002475,deer
002476,truck
002477,dog
002478,truck
002479,dog
002480,truck
002481,truck
002482,truck
002483,horse
002484,ship
002485,airplane
002486,cat
002487,horse
002488,ship
002489,horse
002490,automobile
002491,frog
002492,bird
002493,dog
002494,truck
002495,horse
002496,frog
002497,dog
002498,cat
002499,cat
002500,dog
002501,dog
002502,ship
002503,dog
002504,ship
002505,horse
002506,frog
002507,automobile
002508,frog
002509,dog
002510,frog
002511,automobile
002512,frog
002513,horse
002514,frog
002515,deer
002516,cat
002517,truck
002518,ship
002519,ship
002520,ship
002521,frog
002522,frog
002523,horse
002524,frog
002525,automobile
002526,truck
002527,cat
002528,truck
002529,truck
002530,airplane
002531,cat
002532,cat
002533,horse
002534,deer
002535,truck
002536,truck
002537,airplane
002538,automobile
002539,truck
002540,truck
002541,truck
002542,automobile
002543,bird
002544,bird
002545,frog
002546,horse
002547,automobile
002548,horse
002549,dog
002550,airplane
002551,cat
002552,bird
002553,bird
002554,truck
002555,automobile
002556,dog
002557,frog
002558,ship
002559,truck
002560,horse
002561,cat
002562,deer
002563,dog
002564,horse
002565,horse
002566,bird
002567,ship
002568,ship
002569,automobile
002570,horse
002571,truck
002572,dog
002573,frog
002574,deer
002575,ship
002576,airplane
002577,airplane
002578,cat
002579,deer
002580,deer
002581,horse
002582,deer
002583,deer
002584,automobile
002585,airplane
002586,horse
002587,ship
002588,airplane
002589,ship
002590,airplane
002591,ship
002592,frog
002593,automobile
002594,frog
002595,ship
002596,bird
002597,horse
002598,deer
002599,horse
002600,cat
002601,horse
002602,deer
002603,horse
002604,ship
002605,frog
002606,cat
002607,horse
002608,truck
002609,frog
002610,horse
002611,airplane
002612,truck
002613,horse
002614,cat
002615,dog
002616,truck
002617,frog
002618,ship
002619,automobile
002620,deer
002621,bird
002622,ship
002623,dog
002624,cat
002625,dog
002626,ship
002627,airplane
002628,frog
002629,cat
002630,cat
002631,automobile
002632,automobile
002633,ship
002634,airplane
002635,truck
002636,dog
002637,dog
002638,bird
002639,automobile
002640,automobile
002641,airplane
002642,horse
002643,frog
002644,deer
002645,truck
002646,frog
002647,frog
002648,dog
002649,frog
002650,bird
002651,automobile
002652,automobile
002653,ship
002654,ship
002655,cat
002656,horse
002657,frog
002658,deer
002659,frog
002660,bird
002661,horse
002662,frog
002663,horse
002664,frog
002665,horse
002666,cat
002667,deer
002668,cat
002669,ship
002670,ship
002671,automobile
002672,truck
002673,cat
002674,ship
002675,truck
002676,deer
002677,bird
002678,horse
002679,truck
002680,airplane
002681,dog
002682,truck
002683,truck
002684,deer
002685,frog
002686,cat
002687,frog
002688,frog
002689,bird
002690,deer
002691,dog
002692,horse
002693,cat
002694,bird
002695,bird
002696,automobile
002697,truck
002698,dog
002699,horse
002700,dog
002701,frog
002702,bird
002703,frog
002704,frog
002705,ship
002706,automobile
002707,ship
002708,airplane
002709,deer
002710,cat
002711,dog
002712,ship
002713,bird
002714,automobile
002715,airplane
002716,frog
002717,truck
002718,automobile
002719,dog
002720,ship
002721,ship
002722,airplane
002723,horse
002724,deer
002725,cat
002726,cat
002727,horse
002728,frog
002729,frog
002730,deer
002731,horse
002732,frog
002733,truck
002734,cat
002735,ship
002736,horse
002737,horse
002738,frog
002739,truck
002740,frog
002741,airplane
002742,airplane
002743,frog
002744,dog
002745,truck
002746,deer
002747,horse
002748,ship
002749,frog
002750,ship
002751,deer
002752,horse
002753,bird
002754,dog
002755,dog
002756,horse
002757,horse
002758,truck
002759,automobile
002760,bird
002761,truck
002762,cat
002763,ship
002764,horse
002765,automobile
002766,ship
002767,deer
002768,deer
002769,automobile
002770,airplane
002771,dog
002772,frog
002773,ship
002774,deer
002775,horse
002776,truck
002777,frog
002778,frog
002779,frog
002780,truck
002781,horse
002782,truck
002783,ship
002784,ship
002785,airplane
002786,ship
002787,truck
002788,dog
002789,deer
002790,frog
002791,airplane
002792,dog
002793,frog
002794,bird
002795,automobile
002796,deer
002797,airplane
002798,deer
002799,ship
002800,frog
002801,frog
002802,frog
002803,dog
002804,frog
002805,horse
002806,ship
002807,ship
002808,horse
002809,horse
002810,horse
002811,truck
002812,frog
002813,airplane
002814,dog
002815,horse
002816,dog
002817,horse
002818,cat
002819,dog
002820,cat
002821,truck
002822,dog
002823,horse
002824,horse
002825,frog
002826,dog
002827,cat
002828,airplane
002829,deer
002830,truck
002831,ship
002832,dog
002833,dog
002834,automobile
002835,truck
002836,ship
002837,truck
002838,frog
002839,horse
002840,cat
002841,bird
002842,cat
002843,airplane
002844,airplane
002845,airplane
002846,automobile
002847,truck
002848,deer
002849,frog
002850,automobile
002851,deer
002852,horse
002853,dog
002854,truck
002855,frog
002856,horse
002857,airplane
002858,automobile
002859,truck
002860,truck
002861,horse
002862,cat
002863,bird
002864,horse
002865,airplane
002866,frog
002867,deer
002868,horse
002869,frog
002870,frog
002871,deer
002872,truck
002873,deer
002874,cat
002875,airplane
002876,bird
002877,airplane
002878,horse
002879,dog
002880,frog
002881,ship
002882,dog
002883,airplane
002884,horse
002885,airplane
002886,frog
002887,bird
002888,dog
002889,ship
002890,dog
002891,horse
002892,ship
002893,frog
002894,cat
002895,bird
002896,deer
002897,cat
002898,bird
002899,airplane
002900,deer
002901,dog
002902,horse
002903,truck
002904,horse
002905,automobile
002906,ship
002907,truck
002908,ship
002909,bird
002910,airplane
002911,deer
002912,dog
002913,dog
002914,truck
002915,truck
002916,deer
002917,horse
002918,cat
002919,dog
002920,cat
002921,frog
002922,dog
002923,truck
002924,ship
002925,dog
002926,frog
002927,frog
002928,frog
002929,cat
002930,automobile
002931,ship
002932,deer
002933,dog
002934,truck
002935,dog
002936,deer
002937,horse
002938,ship
002939,dog
002940,airplane
002941,frog
002942,ship
002943,ship
002944,deer
002945,dog
002946,dog
002947,truck
002948,airplane
002949,truck
002950,horse
002951,cat
002952,deer
002953,dog
002954,deer
002955,horse
002956,truck
002957,cat
002958,automobile
002959,cat
002960,frog
002961,bird
002962,ship
002963,dog
002964,cat
002965,horse
002966,deer
002967,ship
002968,frog
002969,bird
002970,ship
002971,deer
002972,bird
002973,dog
002974,bird
002975,dog
002976,ship
002977,frog
002978,dog
002979,bird
002980,ship
002981,horse
002982,airplane
002983,truck
002984,truck
002985,truck
002986,cat
002987,ship
002988,airplane
002989,deer
002990,truck
002991,deer
002992,bird
002993,dog
002994,ship
002995,deer
002996,ship
002997,frog
002998,truck
002999,airplane
003000,ship
003001,truck
003002,frog
003003,ship
003004,deer
003005,ship
003006,bird
003007,dog
003008,dog
003009,frog
003010,cat
003011,airplane
003012,truck
003013,horse
003014,deer
003015,bird
003016,ship
003017,truck
003018,bird
003019,bird
003020,ship
003021,frog
003022,truck
003023,horse
003024,frog
003025,deer
003026,horse
003027,truck
003028,dog
003029,truck
003030,cat
003031,ship
003032,truck
003033,frog
003034,cat
003035,frog
003036,automobile
003037,cat
003038,bird
003039,frog
003040,deer
003041,airplane
003042,truck
003043,airplane
003044,frog
003045,dog
003046,frog
003047,ship
003048,deer
003049,ship
003050,horse
003051,dog
003052,horse
003053,truck
003054,automobile
003055,frog
003056,bird
003057,truck
003058,cat
003059,ship
003060,cat
003061,truck
003062,horse
003063,automobile
003064,horse
003065,ship
003066,horse
003067,frog
003068,ship
003069,airplane
003070,cat
003071,dog
003072,horse
003073,truck
003074,frog
003075,bird
003076,dog
003077,dog
003078,ship
003079,bird
003080,ship
003081,airplane
003082,frog
003083,deer
003084,airplane
003085,bird
003086,cat
003087,dog
003088,truck
003089,ship
003090,bird
003091,horse
003092,horse
003093,frog
003094,ship
003095,truck
003096,truck
003097,cat
003098,horse
003099,dog
003100,horse
003101,ship
003102,truck
003103,horse
003104,dog
003105,ship
003106,dog
003107,automobile
003108,automobile
003109,ship
003110,ship
003111,dog
003112,truck
003113,cat
003114,automobile
003115,ship
003116,truck
003117,automobile
003118,deer
003119,airplane
003120,ship
003121,cat
003122,cat
003123,automobile
003124,dog
003125,truck
003126,cat
003127,airplane
003128,horse
003129,ship
003130,ship
003131,horse
003132,cat
003133,frog
003134,deer
003135,airplane
003136,ship
003137,deer
003138,bird
003139,ship
003140,deer
003141,truck
003142,frog
003143,cat
003144,frog
003145,airplane
003146,truck
003147,airplane
003148,bird
003149,ship
003150,horse
003151,dog
003152,dog
003153,dog
003154,ship
003155,dog
003156,deer
003157,airplane
003158,truck
003159,ship
003160,frog
003161,dog
003162,bird
003163,automobile
003164,cat
003165,horse
003166,frog
003167,truck
003168,dog
003169,deer
003170,frog
003171,bird
003172,ship
003173,deer
003174,deer
003175,dog
003176,deer
003177,truck
003178,horse
003179,frog
003180,dog
003181,deer
003182,dog
003183,truck
003184,truck
003185,frog
003186,bird
003187,deer
003188,bird
003189,horse
003190,cat
003191,horse
003192,ship
003193,frog
003194,truck
003195,frog
003196,cat
003197,frog
003198,dog
003199,ship
003200,truck
003201,deer
003202,truck
003203,ship
003204,truck
003205,frog
003206,ship
003207,dog
003208,ship
003209,ship
003210,deer
003211,bird
003212,ship
003213,frog
003214,horse
003215,deer
003216,deer
003217,ship
003218,cat
003219,airplane
003220,frog
003221,ship
003222,truck
003223,automobile
003224,horse
003225,frog
003226,airplane
003227,deer
003228,frog
003229,automobile
003230,dog
003231,horse
003232,frog
003233,cat
003234,dog
003235,automobile
003236,ship
003237,ship
003238,ship
003239,horse
003240,deer
003241,bird
003242,dog
003243,truck
003244,truck
003245,cat
003246,horse
003247,automobile
003248,automobile
003249,deer
003250,automobile
003251,deer
003252,truck
003253,dog
003254,frog
003255,dog
003256,bird
003257,frog
003258,ship
003259,dog
003260,dog
003261,frog
003262,horse
003263,dog
003264,frog
003265,cat
003266,frog
003267,truck
003268,airplane
003269,cat
003270,horse
003271,horse
003272,airplane
003273,automobile
003274,ship
003275,dog
003276,deer
003277,truck
003278,deer
003279,cat
003280,frog
003281,truck
003282,frog
003283,dog
003284,horse
003285,ship
003286,frog
003287,dog
003288,cat
003289,frog
003290,cat
003291,dog
003292,frog
003293,horse
003294,deer
003295,horse
003296,horse
003297,frog
003298,truck
003299,frog
003300,airplane
003301,ship
003302,ship
003303,bird
003304,airplane
003305,horse
003306,horse
003307,cat
003308,automobile
003309,horse
003310,ship
003311,airplane
003312,airplane
003313,cat
003314,airplane
003315,airplane
003316,cat
003317,truck
003318,cat
003319,frog
003320,dog
003321,automobile
003322,airplane
003323,horse
003324,frog
003325,frog
003326,horse
003327,bird
003328,horse
003329,dog
003330,frog
003331,bird
003332,airplane
003333,horse
003334,cat
003335,frog
003336,horse
003337,bird
003338,cat
003339,ship
003340,automobile
003341,automobile
003342,truck
003343,airplane
003344,ship
003345,deer
003346,horse
003347,horse
003348,cat
003349,horse
003350,bird
003351,ship
003352,horse
003353,horse
003354,deer
003355,dog
003356,frog
003357,dog
003358,frog
003359,ship
003360,cat
003361,frog
003362,automobile
003363,horse
003364,truck
003365,truck
003366,automobile
003367,frog
003368,horse
003369,frog
003370,ship
003371,ship
003372,horse
003373,horse
003374,truck
003375,horse
003376,cat
003377,horse
003378,horse
003379,horse
003380,ship
003381,frog
003382,frog
003383,frog
003384,automobile
003385,ship
003386,cat
003387,horse
003388,truck
003389,dog
003390,truck
003391,frog
003392,frog
003393,dog
003394,deer
003395,deer
003396,ship
003397,automobile
003398,deer
003399,truck
003400,deer
003401,automobile
003402,deer
003403,deer
003404,horse
003405,bird
003406,airplane
003407,horse
003408,cat
003409,airplane
003410,automobile
003411,deer
003412,horse
003413,cat
003414,truck
003415,deer
003416,ship
003417,frog
003418,cat
003419,cat
003420,deer
003421,dog
003422,frog
003423,bird
003424,horse
003425,bird
003426,airplane
003427,automobile
003428,horse
003429,bird
003430,ship
003431,deer
003432,horse
003433,airplane
003434,airplane
003435,cat
003436,frog
003437,dog
003438,frog
003439,horse
003440,bird
003441,truck
003442,truck
003443,truck
003444,frog
003445,airplane
003446,frog
003447,horse
003448,horse
003449,frog
003450,ship
003451,horse
003452,cat
003453,truck
003454,dog
003455,ship
003456,ship
003457,frog
003458,frog
003459,airplane
003460,deer
003461,horse
003462,deer
003463,airplane
003464,cat
003465,bird
003466,frog
003467,dog
003468,truck
003469,cat
003470,dog
003471,frog
003472,dog
003473,frog
003474,frog
003475,truck
003476,frog
003477,automobile
003478,deer
003479,dog
003480,ship
003481,frog
003482,ship
003483,frog
003484,deer
003485,deer
003486,automobile
003487,dog
003488,airplane
003489,horse
003490,frog
003491,ship
003492,airplane
003493,ship
003494,dog
003495,deer
003496,cat
003497,automobile
003498,ship
003499,horse
003500,deer
003501,truck
003502,horse
003503,frog
003504,cat
003505,deer
003506,ship
003507,frog
003508,bird
003509,frog
003510,frog
003511,frog
003512,frog
003513,ship
003514,horse
003515,dog
003516,bird
003517,automobile
003518,cat
003519,horse
003520,horse
003521,cat
003522,horse
003523,frog
003524,horse
003525,automobile
003526,frog
003527,automobile
003528,frog
003529,truck
003530,ship
003531,horse
003532,frog
003533,horse
003534,cat
003535,ship
003536,cat
003537,horse
003538,frog
003539,horse
003540,truck
003541,ship
003542,horse
003543,truck
003544,cat
003545,truck
003546,horse
003547,horse
003548,dog
003549,deer
003550,ship
003551,cat
003552,frog
003553,bird
003554,horse
003555,bird
003556,deer
003557,airplane
003558,cat
003559,truck
003560,dog
003561,airplane
003562,dog
003563,cat
003564,deer
003565,deer
003566,frog
003567,horse
003568,horse
003569,truck
003570,airplane
003571,frog
003572,truck
003573,bird
003574,horse
003575,ship
003576,bird
003577,automobile
003578,bird
003579,dog
003580,ship
003581,frog
003582,cat
003583,automobile
003584,dog
003585,frog
003586,bird
003587,ship
003588,frog
003589,ship
003590,horse
003591,bird
003592,dog
003593,ship
003594,deer
003595,automobile
003596,truck
003597,deer
003598,truck
003599,dog
003600,truck
003601,dog
003602,automobile
003603,deer
003604,truck
003605,deer
003606,truck
003607,cat
003608,bird
003609,bird
003610,deer
003611,ship
003612,frog
003613,bird
003614,dog
003615,horse
003616,dog
003617,frog
003618,bird
003619,truck
003620,horse
003621,horse
003622,dog
003623,deer
003624,dog
003625,deer
003626,airplane
003627,automobile
003628,airplane
003629,deer
003630,truck
003631,frog
003632,dog
003633,dog
003634,ship
003635,automobile
003636,frog
003637,frog
003638,automobile
003639,horse
003640,cat
003641,airplane
003642,airplane
003643,cat
003644,truck
003645,cat
003646,frog
003647,airplane
003648,horse
003649,truck
003650,horse
003651,bird
003652,ship
003653,horse
003654,ship
003655,cat
003656,horse
003657,dog
003658,dog
003659,ship
003660,deer
003661,dog
003662,deer
003663,frog
003664,bird
003665,automobile
003666,cat
003667,dog
003668,automobile
003669,airplane
003670,dog
003671,horse
003672,automobile
003673,truck
003674,ship
003675,frog
003676,truck
003677,bird
003678,frog
003679,airplane
003680,automobile
003681,deer
003682,dog
003683,airplane
003684,airplane
003685,dog
003686,ship
003687,frog
003688,frog
003689,deer
003690,airplane
003691,frog
003692,bird
003693,automobile
003694,frog
003695,bird
003696,horse
003697,automobile
003698,dog
003699,frog
003700,deer
003701,airplane
003702,horse
003703,automobile
003704,ship
003705,frog
003706,airplane
003707,truck
003708,dog
003709,ship
003710,cat
003711,ship
003712,dog
003713,deer
003714,ship
003715,deer
003716,truck
003717,horse
003718,automobile
003719,frog
003720,horse
003721,frog
003722,ship
003723,automobile
003724,airplane
003725,dog
003726,airplane
003727,deer
003728,truck
003729,airplane
003730,cat
003731,ship
003732,automobile
003733,frog
003734,ship
003735,airplane
003736,horse
003737,truck
003738,deer
003739,automobile
003740,horse
003741,ship
003742,frog
003743,deer
003744,cat
003745,bird
003746,frog
003747,airplane
003748,horse
003749,bird
003750,automobile
003751,ship
003752,ship
003753,cat
003754,ship
003755,truck
003756,ship
003757,dog
003758,horse
003759,truck
003760,dog
003761,truck
003762,dog
003763,airplane
003764,dog
003765,frog
003766,ship
003767,dog
003768,airplane
003769,truck
003770,ship
003771,truck
003772,deer
003773,deer
003774,frog
003775,ship
003776,ship
003777,ship
003778,truck
003779,truck
003780,horse
003781,deer
003782,airplane
003783,cat
003784,automobile
003785,truck
003786,frog
003787,cat
003788,bird
003789,horse
003790,dog
003791,truck
003792,deer
003793,truck
003794,deer
003795,dog
003796,horse
003797,dog
003798,airplane
003799,frog
003800,cat
003801,deer
003802,deer
003803,frog
003804,dog
003805,horse
003806,cat
003807,frog
003808,automobile
003809,ship
003810,frog
003811,dog
003812,dog
003813,deer
003814,frog
003815,frog
003816,frog
003817,automobile
003818,truck
003819,horse
003820,horse
003821,dog
003822,truck
003823,truck
003824,truck
003825,deer
003826,ship
003827,deer
003828,ship
003829,bird
003830,frog
003831,dog
003832,deer
003833,truck
003834,automobile
003835,cat
003836,horse
003837,truck
003838,deer
003839,bird
003840,frog
003841,truck
003842,frog
003843,automobile
003844,cat
003845,deer
003846,horse
003847,frog
003848,bird
003849,dog
003850,bird
003851,automobile
003852,ship
003853,ship
003854,cat
003855,dog
003856,deer
003857,horse
003858,deer
003859,cat
003860,dog
003861,horse
003862,frog
003863,truck
003864,cat
003865,frog
003866,automobile
003867,ship
003868,deer
003869,dog
003870,dog
003871,deer
003872,deer
003873,frog
003874,frog
003875,horse
003876,dog
003877,automobile
003878,ship
003879,truck
003880,cat
003881,ship
003882,horse
003883,cat
003884,ship
003885,dog
003886,ship
003887,ship
003888,frog
003889,ship
003890,truck
003891,truck
003892,ship
003893,frog
003894,truck
003895,truck
003896,frog
003897,truck
003898,airplane
003899,airplane
003900,deer
003901,ship
003902,automobile
003903,horse
003904,ship
003905,horse
003906,cat
003907,truck
003908,frog
003909,deer
003910,deer
003911,dog
003912,horse
003913,airplane
003914,dog
003915,deer
003916,horse
003917,airplane
003918,cat
003919,horse
003920,horse
003921,ship
003922,truck
003923,deer
003924,airplane
003925,ship
003926,frog
003927,deer
003928,truck
003929,bird
003930,truck
003931,automobile
003932,ship
003933,frog
003934,frog
003935,truck
003936,truck
003937,automobile
003938,automobile
003939,frog
003940,truck
003941,automobile
003942,dog
003943,ship
003944,ship
003945,deer
003946,automobile
003947,deer
003948,ship
003949,horse
003950,airplane
003951,bird
003952,bird
003953,dog
003954,deer
003955,horse
003956,truck
003957,truck
003958,dog
003959,airplane
003960,airplane
003961,bird
003962,automobile
003963,airplane
003964,deer
003965,dog
003966,airplane
003967,ship
003968,dog
003969,ship
003970,horse
003971,cat
003972,airplane
003973,ship
003974,dog
003975,dog
003976,dog
003977,deer
003978,airplane
003979,airplane
003980,frog
003981,truck
003982,bird
003983,dog
003984,truck
003985,bird
003986,deer
003987,cat
003988,truck
003989,cat
003990,horse
003991,truck
003992,dog
003993,horse
003994,deer
003995,dog
003996,truck
003997,frog
003998,deer
003999,dog
004000,bird
004001,frog
004002,truck
004003,ship
004004,automobile
004005,deer
004006,bird
004007,deer
004008,cat
004009,bird
004010,dog
004011,airplane
004012,deer
004013,cat
004014,ship
004015,automobile
004016,airplane
004017,bird
004018,frog
004019,ship
004020,cat
004021,bird
004022,automobile
004023,ship
004024,truck
004025,ship
004026,deer
004027,airplane
004028,ship
004029,automobile
004030,horse
004031,truck
004032,bird
004033,dog
004034,automobile
004035,deer
004036,dog
004037,cat
004038,airplane
004039,deer
004040,bird
004041,frog
004042,horse
004043,dog
004044,truck
004045,ship
004046,truck
004047,truck
004048,frog
004049,truck
004050,deer
004051,horse
004052,ship
004053,airplane
004054,truck
004055,cat
004056,truck
004057,horse
004058,truck
004059,frog
004060,bird
004061,frog
004062,frog
004063,ship
004064,dog
004065,deer
004066,deer
004067,cat
004068,dog
004069,truck
004070,deer
004071,horse
004072,deer
004073,ship
004074,airplane
004075,deer
004076,horse
004077,automobile
004078,deer
004079,bird
004080,airplane
004081,automobile
004082,airplane
004083,horse
004084,dog
004085,truck
004086,airplane
004087,deer
004088,horse
004089,deer
004090,horse
004091,frog
004092,bird
004093,ship
004094,dog
004095,truck
004096,deer
004097,horse
004098,truck
004099,frog
004100,automobile
004101,frog
004102,truck
004103,truck
004104,cat
004105,frog
004106,dog
004107,automobile
004108,cat
004109,ship
004110,frog
004111,deer
004112,cat
004113,horse
004114,ship
004115,automobile
004116,dog
004117,automobile
004118,horse
004119,horse
004120,automobile
004121,cat
004122,automobile
004123,horse
004124,deer
004125,dog
004126,frog
004127,ship
004128,ship
004129,truck
004130,dog
004131,frog
004132,cat
004133,automobile
004134,horse
004135,ship
004136,cat
004137,frog
004138,deer
004139,dog
004140,horse
004141,truck
004142,horse
004143,frog
004144,dog
004145,frog
004146,frog
004147,horse
004148,cat
004149,horse
004150,horse
004151,frog
004152,deer
004153,frog
004154,dog
004155,truck
004156,bird
004157,airplane
004158,airplane
004159,dog
004160,cat
004161,frog
004162,ship
004163,bird
004164,frog
004165,truck
004166,dog
004167,dog
004168,horse
004169,automobile
004170,frog
004171,deer
004172,automobile
004173,horse
004174,ship
004175,deer
004176,deer
004177,bird
004178,horse
004179,deer
004180,deer
004181,truck
004182,horse
004183,deer
004184,ship
004185,automobile
004186,truck
004187,automobile
004188,frog
004189,ship
004190,truck
004191,horse
004192,horse
004193,cat
004194,horse
004195,dog
004196,bird
004197,automobile
004198,frog
004199,horse
004200,horse
004201,truck
004202,airplane
004203,horse
004204,cat
004205,truck
004206,horse
004207,frog
004208,horse
004209,horse
004210,deer
004211,automobile
004212,cat
004213,automobile
004214,airplane
004215,horse
004216,bird
004217,deer
004218,airplane
004219,deer
004220,truck
004221,automobile
004222,deer
004223,horse
004224,automobile
004225,horse
004226,ship
004227,frog
004228,horse
004229,truck
004230,frog
004231,truck
004232,horse
004233,automobile
004234,dog
004235,airplane
004236,airplane
004237,airplane
004238,cat
004239,bird
004240,bird
004241,airplane
004242,frog
004243,ship
004244,horse
004245,deer
004246,horse
004247,deer
004248,deer
004249,truck
004250,horse
004251,bird
004252,airplane
004253,truck
004254,cat
004255,deer
004256,frog
004257,frog
004258,airplane
004259,cat
004260,truck
004261,truck
004262,airplane
004263,dog
004264,cat
004265,cat
004266,truck
004267,deer
004268,frog
004269,cat
004270,horse
004271,automobile
004272,dog
004273,bird
004274,automobile
004275,automobile
004276,frog
004277,horse
004278,airplane
004279,horse
004280,truck
004281,frog
004282,horse
004283,bird
004284,deer
004285,horse
004286,ship
004287,bird
004288,cat
004289,horse
004290,airplane
004291,deer
004292,dog
004293,deer
004294,airplane
004295,cat
004296,horse
004297,frog
004298,automobile
004299,ship
004300,airplane
004301,truck
004302,bird
004303,truck
004304,truck
004305,cat
004306,cat
004307,horse
004308,bird
004309,ship
004310,cat
004311,airplane
004312,dog
004313,frog
004314,ship
004315,airplane
004316,horse
004317,bird
004318,ship
004319,automobile
004320,ship
004321,airplane
004322,deer
004323,bird
004324,frog
004325,dog
004326,horse
004327,truck
004328,horse
004329,horse
004330,truck
004331,truck
004332,deer
004333,horse
004334,airplane
004335,dog
004336,truck
004337,deer
004338,airplane
004339,frog
004340,dog
004341,dog
004342,deer
004343,truck
004344,horse
004345,frog
004346,dog
004347,deer
004348,deer
004349,truck
004350,horse
004351,bird
004352,cat
004353,dog
004354,horse
004355,truck
004356,dog
004357,cat
004358,cat
004359,truck
004360,bird
004361,deer
004362,truck
004363,cat
004364,cat
004365,dog
004366,airplane
004367,cat
004368,truck
004369,truck
004370,horse
004371,frog
004372,deer
004373,automobile
004374,dog
004375,cat
004376,automobile
004377,horse
004378,deer
004379,horse
004380,truck
004381,deer
004382,deer
004383,cat
004384,horse
004385,cat
004386,ship
004387,ship
004388,dog
004389,airplane
004390,truck
004391,frog
004392,frog
004393,dog
004394,frog
004395,truck
004396,ship
004397,horse
004398,truck
004399,airplane
004400,bird
004401,cat
004402,automobile
004403,bird
004404,bird
004405,dog
004406,cat
004407,horse
004408,automobile
004409,ship
004410,deer
004411,ship
004412,frog
004413,frog
004414,horse
004415,dog
004416,ship
004417,horse
004418,ship
004419,bird
004420,frog
004421,deer
004422,automobile
004423,airplane
004424,horse
004425,truck
004426,dog
004427,ship
004428,dog
004429,horse
004430,deer
004431,cat
004432,dog
004433,truck
004434,bird
004435,ship
004436,deer
004437,bird
004438,ship
004439,dog
004440,dog
004441,dog
004442,ship
004443,truck
004444,truck
004445,truck
004446,deer
004447,frog
004448,airplane
004449,truck
004450,truck
004451,ship
004452,truck
004453,dog
004454,frog
004455,truck
004456,automobile
004457,bird
004458,ship
004459,frog
004460,dog
004461,ship
004462,frog
004463,ship
004464,ship
004465,automobile
004466,deer
004467,frog
004468,dog
004469,deer
004470,frog
004471,dog
004472,dog
004473,frog
004474,bird
004475,automobile
004476,automobile
004477,truck
004478,airplane
004479,truck
004480,frog
004481,dog
004482,frog
004483,frog
004484,truck
004485,automobile
004486,horse
004487,airplane
004488,frog
004489,automobile
004490,automobile
004491,frog
004492,ship
004493,bird
004494,dog
004495,frog
004496,cat
004497,truck
004498,frog
004499,horse
004500,truck
004501,deer
004502,automobile
004503,dog
004504,deer
004505,horse
004506,horse
004507,truck
004508,dog
004509,truck
004510,truck
004511,dog
004512,dog
004513,cat
004514,truck
004515,automobile
004516,truck
004517,ship
004518,dog
004519,dog
004520,cat
004521,cat
004522,dog
004523,horse
004524,frog
004525,bird
004526,frog
004527,frog
004528,dog
004529,truck
004530,horse
004531,cat
004532,airplane
004533,airplane
004534,ship
004535,horse
004536,truck
004537,dog
004538,automobile
004539,frog
004540,cat
004541,bird
004542,cat
004543,ship
004544,automobile
004545,bird
004546,ship
004547,deer
004548,automobile
004549,frog
004550,truck
004551,frog
004552,airplane
004553,bird
004554,ship
004555,ship
004556,automobile
004557,deer
004558,cat
004559,cat
004560,dog
004561,airplane
004562,cat
004563,ship
004564,dog
004565,frog
004566,cat
004567,truck
004568,horse
004569,frog
004570,airplane
004571,cat
004572,ship
004573,bird
004574,automobile
004575,deer
004576,truck
004577,ship
004578,ship
004579,bird
004580,frog
004581,horse
004582,ship
004583,horse
004584,dog
004585,ship
004586,automobile
004587,deer
004588,bird
004589,truck
004590,horse
004591,frog
004592,frog
004593,truck
004594,ship
004595,dog
004596,bird
004597,frog
004598,horse
004599,ship
004600,truck
004601,horse
004602,ship
004603,dog
004604,truck
004605,horse
004606,truck
004607,truck
004608,airplane
004609,bird
004610,horse
004611,deer
004612,deer
004613,frog
004614,ship
004615,cat
004616,truck
004617,ship
004618,dog
004619,horse
004620,ship
004621,truck
004622,truck
004623,bird
004624,automobile
004625,bird
004626,frog
004627,dog
004628,bird
004629,horse
004630,horse
004631,ship
004632,horse
004633,ship
004634,ship
004635,cat
004636,ship
004637,cat
004638,horse
004639,ship
004640,dog
004641,truck
004642,dog
004643,cat
004644,deer
004645,ship
004646,horse
004647,airplane
004648,bird
004649,frog
004650,bird
004651,truck
004652,horse
004653,deer
004654,horse
004655,deer
004656,frog
004657,bird
004658,truck
004659,ship
004660,airplane
004661,dog
004662,bird
004663,bird
004664,horse
004665,horse
004666,truck
004667,truck
004668,bird
004669,truck
004670,dog
004671,cat
004672,truck
004673,bird
004674,horse
004675,cat
004676,truck
004677,deer
004678,dog
004679,frog
004680,horse
004681,truck
004682,horse
004683,horse
004684,horse
004685,truck
004686,deer
004687,frog
004688,automobile
004689,deer
004690,ship
004691,bird
004692,truck
004693,bird
004694,deer
004695,frog
004696,truck
004697,deer
004698,ship
004699,deer
004700,truck
004701,cat
004702,dog
004703,automobile
004704,airplane
004705,bird
004706,deer
004707,ship
004708,ship
004709,ship
004710,horse
004711,deer
004712,airplane
004713,frog
004714,deer
004715,truck
004716,ship
004717,dog
004718,horse
004719,airplane
004720,ship
004721,horse
004722,frog
004723,ship
004724,automobile
004725,deer
004726,airplane
004727,horse
004728,frog
004729,ship
004730,truck
004731,truck
004732,deer
004733,ship
004734,airplane
004735,horse
004736,horse
004737,truck
004738,dog
004739,bird
004740,frog
004741,truck
004742,horse
004743,airplane
004744,bird
004745,automobile
004746,ship
004747,dog
004748,cat
004749,truck
004750,cat
004751,deer
004752,automobile
004753,deer
004754,cat
004755,truck
004756,deer
004757,ship
004758,cat
004759,horse
004760,dog
004761,dog
004762,horse
004763,cat
004764,truck
004765,ship
004766,horse
004767,deer
004768,truck
004769,ship
004770,airplane
004771,automobile
004772,frog
004773,horse
004774,automobile
004775,truck
004776,automobile
004777,frog
004778,dog
004779,frog
004780,ship
004781,deer
004782,airplane
004783,truck
004784,horse
004785,frog
004786,dog
004787,ship
004788,ship
004789,deer
004790,deer
004791,frog
004792,deer
004793,horse
004794,automobile
004795,truck
004796,frog
004797,airplane
004798,dog
004799,airplane
004800,dog
004801,cat
004802,bird
004803,horse
004804,truck
004805,dog
004806,horse
004807,ship
004808,dog
004809,cat
004810,bird
004811,truck
004812,truck
004813,cat
004814,dog
004815,deer
004816,airplane
004817,bird
004818,airplane
004819,ship
004820,frog
004821,truck
004822,frog
004823,truck
004824,horse
004825,dog
004826,ship
004827,truck
004828,dog
004829,deer
004830,dog
004831,bird
004832,dog
004833,airplane
004834,ship
004835,horse
004836,truck
004837,ship
004838,deer
004839,airplane
004840,ship
004841,horse
004842,bird
004843,truck
004844,truck
004845,truck
004846,bird
004847,automobile
004848,ship
004849,deer
004850,frog
004851,horse
004852,dog
004853,bird
004854,truck
004855,dog
004856,horse
004857,automobile
004858,ship
004859,truck
004860,cat
004861,airplane
004862,truck
004863,deer
004864,ship
004865,ship
004866,truck
004867,frog
004868,automobile
004869,horse
004870,bird
004871,frog
004872,ship
004873,horse
004874,horse
004875,frog
004876,horse
004877,ship
004878,bird
004879,bird
004880,truck
004881,dog
004882,airplane
004883,deer
004884,truck
004885,deer
004886,horse
004887,truck
004888,bird
004889,deer
004890,ship
004891,ship
004892,airplane
004893,automobile
004894,dog
004895,automobile
004896,ship
004897,horse
004898,airplane
004899,ship
004900,horse
004901,frog
004902,frog
004903,horse
004904,frog
004905,airplane
004906,frog
004907,deer
004908,truck
004909,horse
004910,dog
004911,automobile
004912,dog
004913,frog
004914,airplane
004915,frog
004916,bird
004917,frog
004918,ship
004919,dog
004920,airplane
004921,dog
004922,bird
004923,deer
004924,deer
004925,frog
004926,horse
004927,ship
004928,frog
004929,deer
004930,dog
004931,dog
004932,automobile
004933,truck
004934,frog
004935,horse
004936,automobile
004937,ship
004938,frog
004939,truck
004940,frog
004941,deer
004942,deer
004943,frog
004944,deer
004945,truck
004946,airplane
004947,ship
004948,automobile
004949,horse
004950,ship
004951,truck
004952,bird
004953,automobile
004954,ship
004955,ship
004956,frog
004957,frog
004958,cat
004959,cat
004960,airplane
004961,automobile
004962,deer
004963,ship
004964,horse
004965,automobile
004966,frog
004967,cat
004968,frog
004969,bird
004970,deer
004971,horse
004972,frog
004973,ship
004974,dog
004975,bird
004976,horse
004977,ship
004978,bird
004979,dog
004980,deer
004981,bird
004982,horse
004983,frog
004984,bird
004985,automobile
004986,truck
004987,automobile
004988,bird
004989,frog
004990,dog
004991,cat
004992,frog
004993,dog
004994,frog
004995,horse
004996,frog
004997,automobile
004998,bird
004999,truck
005000,dog
005001,frog
005002,automobile
005003,horse
005004,bird
005005,automobile
005006,dog
005007,horse
005008,horse
005009,horse
005010,horse
005011,deer
005012,horse
005013,deer
005014,bird
005015,deer
005016,ship
005017,ship
005018,frog
005019,dog
005020,bird
005021,airplane
005022,horse
005023,truck
005024,dog
005025,horse
005026,horse
005027,frog
005028,dog
005029,horse
005030,bird
005031,ship
005032,deer
005033,truck
005034,horse
005035,ship
005036,frog
005037,cat
005038,dog
005039,ship
005040,truck
005041,bird
005042,horse
005043,horse
005044,airplane
005045,airplane
005046,dog
005047,frog
005048,deer
005049,cat
005050,dog
005051,ship
005052,ship
005053,bird
005054,frog
005055,frog
005056,truck
005057,deer
005058,dog
005059,frog
005060,truck
005061,deer
005062,automobile
005063,frog
005064,cat
005065,dog
005066,deer
005067,truck
005068,airplane
005069,frog
005070,truck
005071,cat
005072,horse
005073,horse
005074,dog
005075,ship
005076,deer
005077,bird
005078,airplane
005079,deer
005080,truck
005081,airplane
005082,deer
005083,deer
005084,deer
005085,frog
005086,frog
005087,frog
005088,airplane
005089,frog
005090,frog
005091,ship
005092,horse
005093,horse
005094,horse
005095,horse
005096,dog
005097,frog
005098,automobile
005099,truck
005100,dog
005101,truck
005102,dog
005103,truck
005104,automobile
005105,ship
005106,deer
005107,deer
005108,frog
005109,frog
005110,ship
005111,airplane
005112,ship
005113,horse
005114,frog
005115,dog
005116,bird
005117,frog
005118,dog
005119,airplane
005120,horse
005121,ship
005122,automobile
005123,truck
005124,horse
005125,frog
005126,deer
005127,horse
005128,bird
005129,cat
005130,dog
005131,horse
005132,ship
005133,truck
005134,horse
005135,airplane
005136,truck
005137,ship
005138,cat
005139,airplane
005140,ship
005141,horse
005142,deer
005143,truck
005144,frog
005145,horse
005146,automobile
005147,ship
005148,cat
005149,truck
005150,frog
005151,frog
005152,deer
005153,horse
005154,dog
005155,horse
005156,horse
005157,horse
005158,cat
005159,automobile
005160,dog
005161,ship
005162,bird
005163,cat
005164,deer
005165,frog
005166,automobile
005167,frog
005168,deer
005169,frog
005170,airplane
005171,deer
005172,truck
005173,ship
005174,horse
005175,automobile
005176,bird
005177,truck
005178,airplane
005179,cat
005180,ship
005181,cat
005182,cat
005183,frog
005184,airplane
005185,dog
005186,frog
005187,dog
005188,frog
005189,deer
005190,truck
005191,horse
005192,deer
005193,automobile
005194,dog
005195,bird
005196,ship
005197,horse
005198,frog
005199,ship
005200,truck
005201,automobile
005202,automobile
005203,horse
005204,dog
005205,horse
005206,truck
005207,ship
005208,deer
005209,frog
005210,bird
005211,cat
005212,truck
005213,ship
005214,deer
005215,frog
005216,automobile
005217,bird
005218,ship
005219,dog
005220,horse
005221,airplane
005222,cat
005223,dog
005224,bird
005225,horse
005226,truck
005227,dog
005228,horse
005229,deer
005230,truck
005231,dog
005232,truck
005233,bird
005234,automobile
005235,truck
005236,ship
005237,frog
005238,deer
005239,deer
005240,horse
005241,ship
005242,automobile
005243,truck
005244,deer
005245,frog
005246,bird
005247,horse
005248,dog
005249,frog
005250,deer
005251,deer
005252,truck
005253,frog
005254,bird
005255,ship
005256,automobile
005257,dog
005258,horse
005259,ship
005260,deer
005261,deer
005262,frog
005263,automobile
005264,horse
005265,horse
005266,horse
005267,horse
005268,deer
005269,airplane
005270,bird
005271,airplane
005272,deer
005273,bird
005274,frog
005275,deer
005276,bird
005277,horse
005278,bird
005279,truck
005280,ship
005281,dog
005282,dog
005283,bird
005284,deer
005285,horse
005286,ship
005287,ship
005288,automobile
005289,dog
005290,airplane
005291,truck
005292,dog
005293,frog
005294,dog
005295,automobile
005296,ship
005297,dog
005298,airplane
005299,ship
005300,ship
005301,bird
005302,automobile
005303,dog
005304,truck
005305,truck
005306,airplane
005307,frog
005308,deer
005309,horse
005310,airplane
005311,cat
005312,dog
005313,deer
005314,ship
005315,frog
005316,airplane
005317,frog
005318,bird
005319,bird
005320,bird
005321,dog
005322,ship
005323,airplane
005324,horse
005325,cat
005326,bird
005327,frog
005328,cat
005329,dog
005330,dog
005331,horse
005332,dog
005333,cat
005334,cat
005335,horse
005336,frog
005337,dog
005338,airplane
005339,airplane
005340,deer
005341,cat
005342,horse
005343,cat
005344,deer
005345,horse
005346,deer
005347,truck
005348,frog
005349,cat
005350,cat
005351,dog
005352,ship
005353,deer
005354,ship
005355,frog
005356,truck
005357,cat
005358,cat
005359,truck
005360,truck
005361,truck
005362,deer
005363,cat
005364,truck
005365,cat
005366,airplane
005367,truck
005368,truck
005369,deer
005370,horse
005371,cat
005372,truck
005373,automobile
005374,ship
005375,frog
005376,horse
005377,frog
005378,airplane
005379,bird
005380,ship
005381,frog
005382,frog
005383,bird
005384,ship
005385,dog
005386,frog
005387,cat
005388,horse
005389,automobile
005390,deer
005391,frog
005392,deer
005393,automobile
005394,dog
005395,frog
005396,truck
005397,ship
005398,bird
005399,truck
005400,dog
005401,cat
005402,frog
005403,frog
005404,ship
005405,automobile
005406,ship
005407,frog
005408,truck
005409,dog
005410,frog
005411,truck
005412,frog
005413,deer
005414,deer
005415,truck
005416,frog
005417,automobile
005418,automobile
005419,ship
005420,dog
005421,dog
005422,truck
005423,airplane
005424,cat
005425,dog
005426,horse
005427,frog
005428,ship
005429,airplane
005430,horse
005431,truck
005432,bird
005433,dog
005434,automobile
005435,horse
005436,truck
005437,automobile
005438,frog
005439,ship
005440,frog
005441,frog
005442,ship
005443,deer
005444,ship
005445,ship
005446,truck
005447,deer
005448,horse
005449,deer
005450,cat
005451,truck
005452,dog
005453,frog
005454,horse
005455,dog
005456,ship
005457,deer
005458,dog
005459,horse
005460,frog
005461,automobile
005462,dog
005463,automobile
005464,deer
005465,airplane
005466,airplane
005467,frog
005468,automobile
005469,airplane
005470,horse
005471,dog
005472,cat
005473,truck
005474,cat
005475,airplane
005476,airplane
005477,frog
005478,dog
005479,truck
005480,truck
005481,frog
005482,horse
005483,truck
005484,frog
005485,frog
005486,truck
005487,frog
005488,cat
005489,ship
005490,ship
005491,ship
005492,deer
005493,horse
005494,automobile
005495,ship
005496,truck
005497,automobile
005498,truck
005499,truck
005500,dog
005501,ship
005502,ship
005503,ship
005504,deer
005505,dog
005506,cat
005507,dog
005508,bird
005509,frog
005510,horse
005511,automobile
005512,frog
005513,truck
005514,horse
005515,frog
005516,dog
005517,ship
005518,horse
005519,automobile
005520,cat
005521,horse
005522,cat
005523,bird
005524,horse
005525,deer
005526,horse
005527,truck
005528,bird
005529,frog
005530,horse
005531,automobile
005532,truck
005533,automobile
005534,horse
005535,horse
005536,horse
005537,cat
005538,horse
005539,truck
005540,cat
005541,airplane
005542,truck
005543,dog
005544,airplane
005545,truck
005546,automobile
005547,truck
005548,dog
005549,horse
005550,deer
005551,dog
005552,ship
005553,ship
005554,frog
005555,frog
005556,airplane
005557,truck
005558,ship
005559,truck
005560,automobile
005561,horse
005562,automobile
005563,frog
005564,truck
005565,deer
005566,frog
005567,deer
005568,ship
005569,truck
005570,cat
005571,dog
005572,frog
005573,truck
005574,frog
005575,frog
005576,horse
005577,dog
005578,frog
005579,horse
005580,truck
005581,automobile
005582,ship
005583,truck
005584,truck
005585,cat
005586,dog
005587,deer
005588,deer
005589,deer
005590,cat
005591,airplane
005592,truck
005593,cat
005594,truck
005595,ship
005596,truck
005597,ship
005598,horse
005599,frog
005600,dog
005601,ship
005602,horse
005603,dog
005604,ship
005605,bird
005606,bird
005607,ship
005608,deer
005609,truck
005610,dog
005611,frog
005612,automobile
005613,cat
005614,frog
005615,frog
005616,dog
005617,ship
005618,ship
005619,ship
005620,ship
005621,horse
005622,frog
005623,dog
005624,dog
005625,truck
005626,cat
005627,horse
005628,deer
005629,bird
005630,horse
005631,airplane
005632,ship
005633,ship
005634,deer
005635,bird
005636,frog
005637,frog
005638,bird
005639,frog
005640,automobile
005641,cat
005642,ship
005643,ship
005644,truck
005645,truck
005646,dog
005647,horse
005648,airplane
005649,dog
005650,frog
005651,horse
005652,ship
005653,ship
005654,dog
005655,ship
005656,ship
005657,automobile
005658,horse
005659,frog
005660,horse
005661,frog
005662,airplane
005663,airplane
005664,cat
005665,cat
005666,automobile
005667,ship
005668,bird
005669,ship
005670,ship
005671,truck
005672,cat
005673,dog
005674,airplane
005675,dog
005676,deer
005677,automobile
005678,bird
005679,bird
005680,cat
005681,automobile
005682,truck
005683,automobile
005684,frog
005685,cat
005686,dog
005687,frog
005688,automobile
005689,deer
005690,automobile
005691,horse
005692,frog
005693,horse
005694,dog
005695,ship
005696,truck
005697,horse
005698,horse
005699,truck
005700,frog
005701,truck
005702,airplane
005703,horse
005704,automobile
005705,airplane
005706,deer
005707,deer
005708,horse
005709,dog
005710,horse
005711,frog
005712,horse
005713,cat
005714,dog
005715,truck
005716,cat
005717,horse
005718,automobile
005719,horse
005720,frog
005721,frog
005722,frog
005723,horse
005724,truck
005725,truck
005726,truck
005727,dog
005728,cat
005729,ship
005730,truck
005731,airplane
005732,ship
005733,ship
005734,cat
005735,horse
005736,bird
005737,airplane
005738,dog
005739,bird
005740,deer
005741,ship
005742,truck
005743,dog
005744,automobile
005745,truck
005746,frog
005747,automobile
005748,truck
005749,bird
005750,frog
005751,automobile
005752,horse
005753,airplane
005754,ship
005755,ship
005756,cat
005757,deer
005758,horse
005759,cat
005760,horse
005761,automobile
005762,horse
005763,horse
005764,deer
005765,truck
005766,airplane
005767,deer
005768,deer
005769,truck
005770,ship
005771,automobile
005772,airplane
005773,cat
005774,airplane
005775,horse
005776,frog
005777,truck
005778,airplane
005779,airplane
005780,ship
005781,horse
005782,truck
005783,ship
005784,ship
005785,cat
005786,deer
005787,horse
005788,deer
005789,bird
005790,frog
005791,frog
005792,ship
005793,automobile
005794,deer
005795,truck
005796,frog
005797,horse
005798,horse
005799,ship
005800,ship
005801,cat
005802,deer
005803,dog
005804,dog
005805,frog
005806,cat
005807,truck
005808,truck
005809,dog
005810,ship
005811,bird
005812,frog
005813,frog
005814,truck
005815,cat
005816,truck
005817,cat
005818,dog
005819,horse
005820,frog
005821,frog
005822,bird
005823,cat
005824,deer
005825,dog
005826,deer
005827,cat
005828,ship
005829,truck
005830,automobile
005831,dog
005832,horse
005833,ship
005834,cat
005835,ship
005836,frog
005837,ship
005838,horse
005839,deer
005840,truck
005841,bird
005842,truck
005843,bird
005844,horse
005845,deer
005846,ship
005847,frog
005848,frog
005849,frog
005850,truck
005851,horse
005852,bird
005853,dog
005854,dog
005855,cat
005856,horse
005857,airplane
005858,ship
005859,automobile
005860,truck
005861,bird
005862,bird
005863,horse
005864,truck
005865,truck
005866,horse
005867,horse
005868,horse
005869,cat
005870,airplane
005871,horse
005872,bird
005873,frog
005874,deer
005875,cat
005876,truck
005877,truck
005878,deer
005879,ship
005880,cat
005881,deer
005882,dog
005883,frog
005884,bird
005885,deer
005886,frog
005887,airplane
005888,dog
005889,frog
005890,cat
005891,truck
005892,dog
005893,dog
005894,frog
005895,dog
005896,cat
005897,deer
005898,horse
005899,deer
005900,frog
005901,cat
005902,deer
005903,truck
005904,cat
005905,deer
005906,dog
005907,airplane
005908,truck
005909,dog
005910,dog
005911,ship
005912,airplane
005913,truck
005914,ship
005915,truck
005916,dog
005917,dog
005918,airplane
005919,deer
005920,airplane
005921,airplane
005922,truck
005923,horse
005924,deer
005925,cat
005926,dog
005927,truck
005928,cat
005929,frog
005930,dog
005931,dog
005932,cat
005933,frog
005934,bird
005935,ship
005936,deer
005937,frog
005938,truck
005939,truck
005940,ship
005941,horse
005942,cat
005943,horse
005944,truck
005945,bird
005946,truck
005947,ship
005948,dog
005949,dog
005950,horse
005951,cat
005952,bird
005953,truck
005954,bird
005955,truck
005956,bird
005957,airplane
005958,deer
005959,deer
005960,frog
005961,bird
005962,bird
005963,ship
005964,cat
005965,bird
005966,dog
005967,horse
005968,deer
005969,ship
005970,deer
005971,horse
005972,ship
005973,automobile
005974,cat
005975,ship
005976,dog
005977,dog
005978,airplane
005979,truck
005980,deer
005981,bird
005982,dog
005983,airplane
005984,deer
005985,truck
005986,ship
005987,dog
005988,bird
005989,ship
005990,frog
005991,cat
005992,horse
005993,airplane
005994,truck
005995,frog
005996,airplane
005997,automobile
005998,ship
005999,deer
006000,ship
006001,truck
006002,deer
006003,ship
006004,deer
006005,automobile
006006,deer
006007,dog
006008,ship
006009,automobile
006010,cat
006011,horse
006012,frog
006013,ship
006014,cat
006015,deer
006016,airplane
006017,deer
006018,ship
006019,frog
006020,dog
006021,automobile
006022,dog
006023,frog
006024,automobile
006025,frog
006026,frog
006027,ship
006028,truck
006029,automobile
006030,horse
006031,ship
006032,ship
006033,dog
006034,horse
006035,truck
006036,airplane
006037,bird
006038,ship
006039,ship
006040,horse
006041,deer
006042,truck
006043,deer
006044,cat
006045,deer
006046,truck
006047,frog
006048,deer
006049,deer
006050,airplane
006051,frog
006052,cat
006053,frog
006054,airplane
006055,ship
006056,truck
006057,airplane
006058,truck
006059,bird
006060,truck
006061,dog
006062,bird
006063,horse
006064,ship
006065,truck
006066,airplane
006067,automobile
006068,horse
006069,automobile
006070,dog
006071,dog
006072,dog
006073,frog
006074,horse
006075,truck
006076,ship
006077,deer
006078,deer
006079,horse
006080,dog
006081,dog
006082,airplane
006083,dog
006084,ship
006085,truck
006086,truck
006087,horse
006088,truck
006089,bird
006090,truck
006091,ship
006092,cat
006093,dog
006094,frog
006095,automobile
006096,frog
006097,ship
006098,deer
006099,automobile
006100,frog
006101,bird
006102,frog
006103,ship
006104,bird
006105,truck
006106,truck
006107,bird
006108,truck
006109,truck
006110,horse
006111,deer
006112,airplane
006113,horse
006114,airplane
006115,horse
006116,ship
006117,horse
006118,horse
006119,airplane
006120,ship
006121,horse
006122,horse
006123,deer
006124,dog
006125,frog
006126,deer
006127,airplane
006128,dog
006129,ship
006130,ship
006131,bird
006132,cat
006133,truck
006134,dog
006135,horse
006136,airplane
006137,deer
006138,truck
006139,frog
006140,airplane
006141,airplane
006142,ship
006143,horse
006144,truck
006145,deer
006146,frog
006147,deer
006148,bird
006149,horse
006150,dog
006151,ship
006152,frog
006153,ship
006154,bird
006155,bird
006156,airplane
006157,automobile
006158,truck
006159,automobile
006160,dog
006161,ship
006162,airplane
006163,ship
006164,bird
006165,dog
006166,ship
006167,frog
006168,cat
006169,horse
006170,horse
006171,bird
006172,horse
006173,frog
006174,ship
006175,horse
006176,deer
006177,cat
006178,cat
006179,horse
006180,cat
006181,bird
006182,airplane
006183,deer
006184,deer
006185,frog
006186,cat
006187,dog
006188,truck
006189,dog
006190,ship
006191,bird
006192,horse
006193,ship
006194,frog
006195,frog
006196,horse
006197,ship
006198,ship
006199,truck
006200,ship
006201,truck
006202,horse
006203,deer
006204,ship
006205,airplane
006206,deer
006207,ship
006208,bird
006209,dog
006210,dog
006211,horse
006212,frog
006213,airplane
006214,truck
006215,frog
006216,cat
006217,dog
006218,dog
006219,frog
006220,bird
006221,deer
006222,horse
006223,cat
006224,automobile
006225,horse
006226,bird
006227,deer
006228,truck
006229,cat
006230,deer
006231,frog
006232,cat
006233,truck
006234,frog
006235,horse
006236,truck
006237,ship
006238,deer
006239,frog
006240,truck
006241,cat
006242,ship
006243,cat
006244,bird
006245,ship
006246,frog
006247,frog
006248,truck
006249,deer
006250,ship
006251,automobile
006252,automobile
006253,automobile
006254,horse
006255,bird
006256,truck
006257,truck
006258,ship
006259,dog
006260,airplane
006261,dog
006262,frog
006263,ship
006264,frog
006265,horse
006266,airplane
006267,ship
006268,bird
006269,dog
006270,automobile
006271,dog
006272,cat
006273,deer
006274,airplane
006275,dog
006276,horse
006277,cat
006278,frog
006279,bird
006280,airplane
006281,deer
006282,truck
006283,ship
006284,frog
006285,airplane
006286,frog
006287,cat
006288,dog
006289,dog
006290,frog
006291,deer
006292,frog
006293,frog
006294,cat
006295,deer
006296,truck
006297,automobile
006298,deer
006299,dog
006300,frog
006301,automobile
006302,horse
006303,ship
006304,automobile
006305,horse
006306,deer
006307,ship
006308,horse
006309,deer
006310,horse
006311,ship
006312,frog
006313,truck
006314,ship
006315,frog
006316,automobile
006317,truck
006318,deer
006319,truck
006320,deer
006321,frog
006322,deer
006323,truck
006324,frog
006325,deer
006326,ship
006327,truck
006328,truck
006329,ship
006330,airplane
006331,ship
006332,automobile
006333,automobile
006334,frog
006335,deer
006336,ship
006337,ship
006338,deer
006339,frog
006340,truck
006341,truck
006342,dog
006343,horse
006344,frog
006345,ship
006346,ship
006347,bird
006348,bird
006349,dog
006350,truck
006351,ship
006352,frog
006353,frog
006354,airplane
006355,ship
006356,frog
006357,dog
006358,horse
006359,automobile
006360,horse
006361,deer
006362,ship
006363,dog
006364,cat
006365,automobile
006366,frog
006367,airplane
006368,horse
006369,ship
006370,frog
006371,dog
006372,bird
006373,cat
006374,ship
006375,dog
006376,deer
006377,ship
006378,truck
006379,deer
006380,truck
006381,airplane
006382,airplane
006383,deer
006384,dog
006385,ship
006386,truck
006387,deer
006388,cat
006389,frog
006390,automobile
006391,frog
006392,frog
006393,bird
006394,dog
006395,truck
006396,automobile
006397,frog
006398,truck
006399,ship
006400,bird
006401,horse
006402,airplane
006403,bird
006404,deer
006405,dog
006406,truck
006407,deer
006408,truck
006409,ship
006410,horse
006411,automobile
006412,deer
006413,ship
006414,dog
006415,cat
006416,automobile
006417,dog
006418,dog
006419,ship
006420,horse
006421,horse
006422,truck
006423,horse
006424,automobile
006425,deer
006426,truck
006427,cat
006428,truck
006429,horse
006430,horse
006431,deer
006432,automobile
006433,ship
006434,deer
006435,dog
006436,truck
006437,deer
006438,ship
006439,cat
006440,ship
006441,cat
006442,dog
006443,ship
006444,truck
006445,automobile
006446,dog
006447,ship
006448,deer
006449,ship
006450,ship
006451,airplane
006452,frog
006453,deer
006454,deer
006455,horse
006456,frog
006457,truck
006458,deer
006459,deer
006460,dog
006461,airplane
006462,frog
006463,frog
006464,frog
006465,automobile
006466,cat
006467,dog
006468,truck
006469,bird
006470,dog
006471,ship
006472,ship
006473,automobile
006474,bird
006475,truck
006476,deer
006477,truck
006478,ship
006479,bird
006480,dog
006481,horse
006482,airplane
006483,truck
006484,airplane
006485,bird
006486,ship
006487,truck
006488,cat
006489,horse
006490,dog
006491,horse
006492,dog
006493,horse
006494,deer
006495,horse
006496,truck
006497,truck
006498,automobile
006499,deer
006500,dog
006501,ship
006502,frog
006503,cat
006504,cat
006505,ship
006506,bird
006507,dog
006508,ship
006509,automobile
006510,ship
006511,automobile
006512,dog
006513,ship
006514,horse
006515,bird
006516,dog
006517,ship
006518,frog
006519,ship
006520,airplane
006521,automobile
006522,horse
006523,ship
006524,ship
006525,horse
006526,ship
006527,horse
006528,truck
006529,horse
006530,horse
006531,horse
006532,deer
006533,frog
006534,airplane
006535,dog
006536,truck
006537,truck
006538,frog
006539,truck
006540,truck
006541,bird
006542,cat
006543,horse
006544,truck
006545,airplane
006546,frog
006547,truck
006548,truck
006549,bird
006550,cat
006551,deer
006552,deer
006553,ship
006554,horse
006555,deer
006556,truck
006557,ship
006558,frog
006559,ship
006560,truck
006561,dog
006562,deer
006563,frog
006564,truck
006565,frog
006566,dog
006567,ship
006568,frog
006569,ship
006570,cat
006571,horse
006572,airplane
006573,bird
006574,ship
006575,ship
006576,horse
006577,deer
006578,horse
006579,truck
006580,automobile
006581,bird
006582,truck
006583,airplane
006584,deer
006585,automobile
006586,truck
006587,horse
006588,bird
006589,automobile
006590,frog
006591,frog
006592,dog
006593,dog
006594,airplane
006595,ship
006596,ship
006597,horse
006598,automobile
006599,horse
006600,airplane
006601,frog
006602,ship
006603,truck
006604,cat
006605,deer
006606,truck
006607,ship
006608,frog
006609,deer
006610,automobile
006611,bird
006612,airplane
006613,frog
006614,ship
006615,horse
006616,dog
006617,ship
006618,airplane
006619,ship
006620,frog
006621,horse
006622,deer
006623,dog
006624,bird
006625,deer
006626,horse
006627,frog
006628,horse
006629,automobile
006630,frog
006631,deer
006632,deer
006633,dog
006634,deer
006635,horse
006636,frog
006637,horse
006638,cat
006639,ship
006640,cat
006641,truck
006642,deer
006643,horse
006644,frog
006645,frog
006646,frog
006647,frog
006648,frog
006649,horse
006650,frog
006651,dog
006652,automobile
006653,cat
006654,airplane
006655,automobile
006656,truck
006657,dog
006658,dog
006659,horse
006660,ship
006661,bird
006662,horse
006663,frog
006664,dog
006665,deer
006666,cat
006667,truck
006668,automobile
006669,ship
006670,cat
006671,frog
006672,deer
006673,truck
006674,bird
006675,horse
006676,horse
006677,truck
006678,ship
006679,dog
006680,automobile
006681,horse
006682,ship
006683,cat
006684,bird
006685,horse
006686,truck
006687,airplane
006688,dog
006689,frog
006690,horse
006691,automobile
006692,bird
006693,cat
006694,ship
006695,airplane
006696,dog
006697,frog
006698,deer
006699,truck
006700,frog
006701,deer
006702,automobile
006703,truck
006704,bird
006705,truck
006706,ship
006707,ship
006708,frog
006709,horse
006710,deer
006711,ship
006712,dog
006713,deer
006714,automobile
006715,bird
006716,horse
006717,cat
006718,ship
006719,truck
006720,horse
006721,dog
006722,cat
006723,frog
006724,dog
006725,bird
006726,horse
006727,dog
006728,truck
006729,bird
006730,dog
006731,dog
006732,airplane
006733,frog
006734,automobile
006735,frog
006736,dog
006737,cat
006738,automobile
006739,bird
006740,truck
006741,deer
006742,airplane
006743,dog
006744,airplane
006745,cat
006746,automobile
006747,automobile
006748,frog
006749,horse
006750,horse
006751,dog
006752,ship
006753,cat
006754,truck
006755,ship
006756,horse
006757,truck
006758,dog
006759,truck
006760,deer
006761,airplane
006762,ship
006763,cat
006764,airplane
006765,deer
006766,horse
006767,automobile
006768,horse
006769,dog
006770,horse
006771,airplane
006772,dog
006773,truck
006774,truck
006775,cat
006776,truck
006777,airplane
006778,truck
006779,truck
006780,deer
006781,ship
006782,automobile
006783,cat
006784,truck
006785,frog
006786,truck
006787,deer
006788,automobile
006789,frog
006790,frog
006791,frog
006792,deer
006793,truck
006794,cat
006795,cat
006796,horse
006797,frog
006798,cat
006799,cat
006800,dog
006801,ship
006802,frog
006803,airplane
006804,bird
006805,ship
006806,truck
006807,automobile
006808,ship
006809,airplane
006810,deer
006811,deer
006812,horse
006813,automobile
006814,airplane
006815,bird
006816,deer
006817,horse
006818,truck
006819,automobile
006820,deer
006821,dog
006822,deer
006823,ship
006824,deer
006825,frog
006826,bird
006827,cat
006828,dog
006829,ship
006830,ship
006831,dog
006832,bird
006833,cat
006834,ship
006835,bird
006836,deer
006837,cat
006838,dog
006839,bird
006840,bird
006841,dog
006842,horse
006843,cat
006844,ship
006845,truck
006846,automobile
006847,frog
006848,bird
006849,frog
006850,truck
006851,automobile
006852,deer
006853,dog
006854,ship
006855,horse
006856,airplane
006857,ship
006858,truck
006859,dog
006860,airplane
006861,automobile
006862,truck
006863,horse
006864,horse
006865,horse
006866,ship
006867,frog
006868,airplane
006869,automobile
006870,deer
006871,ship
006872,ship
006873,dog
006874,frog
006875,cat
006876,dog
006877,truck
006878,airplane
006879,frog
006880,horse
006881,horse
006882,airplane
006883,frog
006884,dog
006885,dog
006886,truck
006887,automobile
006888,bird
006889,truck
006890,frog
006891,frog
006892,frog
006893,frog
006894,ship
006895,horse
006896,horse
006897,horse
006898,cat
006899,truck
006900,deer
006901,ship
006902,airplane
006903,automobile
006904,deer
006905,dog
006906,frog
006907,bird
006908,truck
006909,ship
006910,cat
006911,dog
006912,truck
006913,airplane
006914,bird
006915,cat
006916,truck
006917,airplane
006918,ship
006919,ship
006920,frog
006921,dog
006922,truck
006923,cat
006924,truck
006925,airplane
006926,ship
006927,ship
006928,ship
006929,truck
006930,frog
006931,deer
006932,cat
006933,ship
006934,dog
006935,cat
006936,ship
006937,frog
006938,automobile
006939,ship
006940,dog
006941,automobile
006942,ship
006943,deer
006944,automobile
006945,ship
006946,truck
006947,truck
006948,truck
006949,frog
006950,bird
006951,bird
006952,dog
006953,dog
006954,bird
006955,dog
006956,dog
006957,bird
006958,ship
006959,horse
006960,automobile
006961,automobile
006962,frog
006963,dog
006964,bird
006965,ship
006966,truck
006967,dog
006968,horse
006969,truck
006970,frog
006971,dog
006972,deer
006973,frog
006974,deer
006975,frog
006976,frog
006977,ship
006978,horse
006979,cat
006980,frog
006981,bird
006982,dog
006983,frog
006984,truck
006985,bird
006986,truck
006987,deer
006988,ship
006989,frog
006990,frog
006991,horse
006992,deer
006993,ship
006994,truck
006995,airplane
006996,dog
006997,automobile
006998,deer
006999,horse
007000,truck
007001,truck
007002,deer
007003,frog
007004,horse
007005,automobile
007006,automobile
007007,frog
007008,dog
007009,bird
007010,airplane
007011,cat
007012,dog
007013,ship
007014,truck
007015,ship
007016,ship
007017,frog
007018,horse
007019,truck
007020,automobile
007021,bird
007022,automobile
007023,horse
007024,frog
007025,ship
007026,dog
007027,airplane
007028,horse
007029,airplane
007030,truck
007031,deer
007032,cat
007033,dog
007034,frog
007035,automobile
007036,horse
007037,dog
007038,dog
007039,horse
007040,ship
007041,ship
007042,frog
007043,ship
007044,automobile
007045,ship
007046,dog
007047,ship
007048,deer
007049,dog
007050,frog
007051,horse
007052,truck
007053,frog
007054,horse
007055,truck
007056,horse
007057,truck
007058,horse
007059,deer
007060,airplane
007061,horse
007062,truck
007063,truck
007064,horse
007065,frog
007066,frog
007067,frog
007068,truck
007069,horse
007070,bird
007071,automobile
007072,airplane
007073,airplane
007074,automobile
007075,cat
007076,airplane
007077,frog
007078,ship
007079,ship
007080,truck
007081,deer
007082,dog
007083,automobile
007084,truck
007085,cat
007086,horse
007087,frog
007088,bird
007089,truck
007090,horse
007091,cat
007092,truck
007093,horse
007094,bird
007095,frog
007096,frog
007097,frog
007098,dog
007099,dog
007100,airplane
007101,horse
007102,cat
007103,automobile
007104,cat
007105,horse
007106,frog
007107,airplane
007108,ship
007109,cat
007110,automobile
007111,frog
007112,truck
007113,truck
007114,truck
007115,dog
007116,dog
007117,automobile
007118,airplane
007119,airplane
007120,ship
007121,cat
007122,frog
007123,bird
007124,airplane
007125,horse
007126,deer
007127,deer
007128,dog
007129,ship
007130,ship
007131,automobile
007132,automobile
007133,ship
007134,horse
007135,truck
007136,airplane
007137,bird
007138,ship
007139,deer
007140,airplane
007141,truck
007142,horse
007143,bird
007144,dog
007145,ship
007146,frog
007147,dog
007148,horse
007149,bird
007150,truck
007151,cat
007152,ship
007153,dog
007154,airplane
007155,ship
007156,horse
007157,horse
007158,airplane
007159,automobile
007160,horse
007161,deer
007162,horse
007163,ship
007164,horse
007165,ship
007166,automobile
007167,truck
007168,deer
007169,horse
007170,dog
007171,automobile
007172,horse
007173,deer
007174,bird
007175,truck
007176,automobile
007177,airplane
007178,cat
007179,automobile
007180,airplane
007181,bird
007182,dog
007183,truck
007184,truck
007185,cat
007186,truck
007187,bird
007188,ship
007189,truck
007190,automobile
007191,frog
007192,deer
007193,frog
007194,bird
007195,frog
007196,bird
007197,frog
007198,truck
007199,frog
007200,deer
007201,dog
007202,deer
007203,horse
007204,truck
007205,ship
007206,deer
007207,airplane
007208,frog
007209,automobile
007210,deer
007211,truck
007212,truck
007213,frog
007214,dog
007215,dog
007216,deer
007217,dog
007218,ship
007219,automobile
007220,horse
007221,horse
007222,frog
007223,bird
007224,dog
007225,dog
007226,airplane
007227,truck
007228,airplane
007229,dog
007230,horse
007231,truck
007232,frog
007233,ship
007234,deer
007235,frog
007236,automobile
007237,horse
007238,ship
007239,ship
007240,dog
007241,deer
007242,ship
007243,truck
007244,truck
007245,frog
007246,frog
007247,ship
007248,frog
007249,truck
007250,horse
007251,frog
007252,dog
007253,airplane
007254,automobile
007255,cat
007256,horse
007257,ship
007258,dog
007259,truck
007260,frog
007261,deer
007262,frog
007263,truck
007264,dog
007265,frog
007266,ship
007267,airplane
007268,airplane
007269,frog
007270,airplane
007271,deer
007272,horse
007273,deer
007274,ship
007275,automobile
007276,ship
007277,automobile
007278,frog
007279,dog
007280,ship
007281,horse
007282,frog
007283,horse
007284,cat
007285,horse
007286,cat
007287,cat
007288,airplane
007289,automobile
007290,truck
007291,cat
007292,automobile
007293,horse
007294,dog
007295,ship
007296,horse
007297,truck
007298,deer
007299,cat
007300,frog
007301,horse
007302,dog
007303,dog
007304,airplane
007305,ship
007306,horse
007307,bird
007308,frog
007309,bird
007310,horse
007311,ship
007312,ship
007313,truck
007314,frog
007315,horse
007316,cat
007317,deer
007318,ship
007319,ship
007320,horse
007321,dog
007322,truck
007323,frog
007324,horse
007325,horse
007326,frog
007327,ship
007328,ship
007329,frog
007330,automobile
007331,truck
007332,cat
007333,cat
007334,ship
007335,airplane
007336,deer
007337,frog
007338,ship
007339,dog
007340,truck
007341,dog
007342,dog
007343,deer
007344,bird
007345,dog
007346,cat
007347,deer
007348,ship
007349,horse
007350,deer
007351,deer
007352,dog
007353,ship
007354,ship
007355,airplane
007356,cat
007357,truck
007358,deer
007359,dog
007360,frog
007361,cat
007362,truck
007363,deer
007364,bird
007365,cat
007366,frog
007367,frog
007368,horse
007369,bird
007370,truck
007371,dog
007372,frog
007373,truck
007374,frog
007375,deer
007376,horse
007377,ship
007378,horse
007379,dog
007380,frog
007381,ship
007382,cat
007383,ship
007384,cat
007385,deer
007386,frog
007387,truck
007388,horse
007389,automobile
007390,airplane
007391,ship
007392,cat
007393,horse
007394,bird
007395,airplane
007396,airplane
007397,cat
007398,truck
007399,dog
007400,frog
007401,cat
007402,truck
007403,bird
007404,truck
007405,horse
007406,truck
007407,cat
007408,bird
007409,deer
007410,horse
007411,automobile
007412,airplane
007413,truck
007414,deer
007415,ship
007416,frog
007417,cat
007418,cat
007419,truck
007420,airplane
007421,dog
007422,horse
007423,dog
007424,truck
007425,airplane
007426,deer
007427,frog
007428,truck
007429,truck
007430,airplane
007431,truck
007432,automobile
007433,truck
007434,dog
007435,truck
007436,truck
007437,deer
007438,deer
007439,horse
007440,automobile
007441,frog
007442,automobile
007443,bird
007444,ship
007445,deer
007446,bird
007447,deer
007448,cat
007449,cat
007450,ship
007451,dog
007452,dog
007453,horse
007454,ship
007455,horse
007456,truck
007457,horse
007458,horse
007459,airplane
007460,frog
007461,airplane
007462,ship
007463,deer
007464,cat
007465,ship
007466,truck
007467,dog
007468,airplane
007469,horse
007470,automobile
007471,horse
007472,truck
007473,automobile
007474,airplane
007475,automobile
007476,deer
007477,frog
007478,frog
007479,automobile
007480,truck
007481,deer
007482,automobile
007483,automobile
007484,dog
007485,dog
007486,airplane
007487,automobile
007488,frog
007489,deer
007490,horse
007491,horse
007492,deer
007493,cat
007494,ship
007495,frog
007496,horse
007497,automobile
007498,frog
007499,ship
007500,truck
007501,deer
007502,frog
007503,bird
007504,automobile
007505,dog
007506,horse
007507,truck
007508,bird
007509,ship
007510,deer
007511,bird
007512,frog
007513,truck
007514,cat
007515,horse
007516,airplane
007517,bird
007518,truck
007519,truck
007520,bird
007521,bird
007522,ship
007523,bird
007524,airplane
007525,deer
007526,dog
007527,deer
007528,frog
007529,truck
007530,frog
007531,airplane
007532,ship
007533,truck
007534,truck
007535,truck
007536,airplane
007537,bird
007538,horse
007539,bird
007540,ship
007541,truck
007542,horse
007543,horse
007544,horse
007545,ship
007546,deer
007547,cat
007548,dog
007549,ship
007550,bird
007551,deer
007552,deer
007553,airplane
007554,deer
007555,deer
007556,dog
007557,frog
007558,ship
007559,airplane
007560,truck
007561,ship
007562,automobile
007563,truck
007564,ship
007565,horse
007566,dog
007567,ship
007568,ship
007569,ship
007570,horse
007571,truck
007572,bird
007573,bird
007574,ship
007575,dog
007576,dog
007577,ship
007578,ship
007579,automobile
007580,ship
007581,dog
007582,frog
007583,horse
007584,deer
007585,bird
007586,horse
007587,dog
007588,deer
007589,airplane
007590,frog
007591,cat
007592,horse
007593,ship
007594,frog
007595,airplane
007596,airplane
007597,airplane
007598,ship
007599,horse
007600,dog
